"DOW","area.hectares","max_depth_m","mean.gdd","PDIST_cum","littoral.zone","secchi.m"
1000100,152.87418336,8.5344,2630.62196659465,0.189212019,0.357747410281585,1.7525
1001500,30.01960748,7.0104,2471.00035954714,0.056891026,0.833875742484958,2.1336
1001900,70.18469298,9.4488,2441.03290602683,0.004153294,0.935104109767215,1.40208
1002300,223.993701,8.2296,2350.18717110626,0.089225209,1,4.42
1002700,35.76210182,24.384,2385.30102288637,0.188691232,0.658460640134077,2.69112
1003300,953.11242034,6.4008,2401.47762363045,0.050561973,0.861831982079635,1.51125
1003400,97.14892116,3.6576,2486.98282869608,0.065552796,0.788643611113703,1.07
1004600,68.08032578,23.7744,2344.10070616379,0.062088698,0.804410359308011,4.8146
1005500,32.16039642,20.4216,2391.64530435613,0.130885874,0.738467103144745,3.2004
1005700,15.0745535,14.9352,2416.18323656035,0.067185698,0.86589448205245,3.81
1005800,96.92634386,8.2296,2285.29937704299,0.132496155,1,3.2
1006200,2463.78097718,25.6032,2445.64773791385,0.085249662,0.439424040666594,1.2465625
1006500,100.8679855,5.4864,2547.22437659417,0.259352101,0.993156283637908,1.875
1006900,150.72125384,5.4864,2475.87604114716,0.101592421,0.985771689337469,1.522
1008700,168.38579774,13.716,2300.81003770566,0.098057703,0.989598935412473,4.27
1008900,175.05906988,35.3568,2409.21818051842,0.0649610004,0.489328,3.2
1009600,241.86463476,14.6304,2432.53610764237,0.0706454646,0.789843974250194,3.2
1009900,290.3419707,13.4112,2426.50834136447,0.160946002,0.694232488998222,2.0433333335
1010500,127.26565328,4.572,2513.12651480417,0.108722771,0.529034846593946,1.07
1011500,175.82392642,5.1816,2396.31651676449,0.110222729,1,2.1336
1012300,209.67995718,7.62,2559.6308962948,0.161533552,0.523635450797889,1.2
1012500,175.32616264,18.288,2431.60767628587,0.21506332,1,6.86
1012900,161.90272802,11.2776,2487.35866728005,0.109823613,0.904488100604156,2.55
1013600,269.55729774,11.5824,2484.45516751811,0.061532729,0.502186446981576,1.83
1013700,256.4899868,17.9832,2434.9681920876,0.053094613,0.81739925,4.7384
1014600,254.64461864,11.8872,2477.27859935432,0.163324039,0.502975167620378,1.522
1014700,338.7424163,9.4488,2520.26875515765,0.029157915,0.409371615668446,1.22
1015700,257.00798488,23.7744,2449.36020530857,0.088090272,0.737483826138007,3.81125
1015900,810.5658237,17.0688,2444.51917333888,0.141425465,0.89682932067108,3.58
1017800,211.8935896,14.9352,2479.11545866945,0.140469454,0.920209472650926,3.9612
1018800,129.8232688,5.1816,2372.73755090033,0.071336865,0.958989787903418,1.37
1020100,36.95592552,17.0688,2338.83750607169,0,0.648043851303801,2.4384
1020400,296.68744718,38.1,2435.76466858648,0.07002271,0.500403701056236,3.2
1020700,45.80236148,21.0312,2505.79907992889,0.1857394363,0.855264783429158,4.3
1021200,104.35637882,7.3152,2549.28621164734,0.013123718,0.381869784871736,0.9144
2000300,122.30015606,6.4008,2660.26449228623,0.326644207,1,3.05
2000400,223.30168794,5.4864,2790.47888915621,0.524152009,0.578108903271533,0.805
2000600,191.76450796,5.7912,2910.4693449537,0.470265073,0.286056538499386,0.7225
2002200,29.41662534,6.7056,2878.09167818689,0.260301954,0.978518931345298,1.35
2002600,231.5208606,12.8016,2852.07849889823,0.267044217,0.434598714950183,1
2003400,94.01260466,6.096,2841.39217138258,0.374043669,0.432279082482624,0.9
2003500,23.38680394,7.0104,2699.35358769191,0.244372991,1,3.96
2004200,599.43709064,8.2296,2709.71572509067,0.239434629,0.909527930854487,1.745
2004500,23.50820974,7.62,2884.34151914507,0.464221454,0.574917366662545,0.8
2005300,62.57659618,6.7056,2667.67277283952,0.395879871,1,2.6
2006500,135.28248294,3.048,2509.15610096673,0.296703297,1,3.3528
2007100,20.75229808,5.4864,2824.78719574832,0.579320113,1,2.295
2007501,11.1693336,6.7056,2879.3314014999,0.805291251,0.904040270620891,1.6
2008400,47.8743538,7.9248,2886.29723022037,0.668711656,0.875194314100636,1.98
2009100,197.36940906,9.7536,2687.12474625447,0.286415908,0.886942592145645,2.45
2010600,21.92588748,6.4008,2791.31445157187,0.413622291,1,2.8956
2013300,37.22706514,20.7264,2653.20471326382,0.380128523,0.854718268540744,3.6
3000500,23.7550682,16.764,2517.32852798926,0.170206217,0.885973254895244,3.6788
3000700,33.55656312,14.3256,2490.79206764666,0.269674185,0.753105561107779,2.9
3001000,190.78516784,19.2024,2324.39754343463,0.475943674,0.537530712865247,2.59
3001700,233.90041428,18.288,2375.68309581025,0.077170485,0.513742544193511,2.48875
3002900,56.53058734,6.4008,2300.09106602975,0.051594504,1,3.7
3003000,152.82157418,33.2232,2296.51461160367,0.239562624,0.656026450428959,5.945
3004400,22.99425852,9.7536,2390.40622479541,0.285208032,1,3.6576
3008500,301.76625648,25.6032,2196.87102948405,0.020394178,0.88978747573795,6.95
3008800,82.62069376,8.5344,2279.42352259217,0.019833801,1,3.68
3010100,590.77276338,4.8768,2369.48936096631,0.175075783,1,2.13
3010200,1273.67229466,4.8768,2348.69556070501,0.257544037,0.990023820388407,1.7603
3010700,694.50997262,8.8392,2389.64768565847,0.164441478,0.734193281702426,2.91125
3012700,51.84837032,14.6304,2378.34504596705,0.177461677,0.89399080758267,3.00208
3013600,165.7593856,23.7744,2143.47389215229,0.009615384,0.979111315310575,6.1
3015300,477.31904328,11.5824,2330.4437510337,0.060744611,0.96266908265998,3.66
3015500,442.79932748,21.0312,2284.38908686768,0.016908609,0.74175540687753,3.81
3015600,139.74616952,22.2504,2345.94095873298,0.028766792,0.5035152,3.4
3015800,688.3304174,28.0416,2322.75791786188,0.016564966,0.555002830889435,3.125
3015900,398.62785058,23.1648,2343.69022138423,0.017764033,0.569717659912495,3.505
3016600,97.45648252,18.288,2240.7134025891,0.2763178,0.894712352152397,3
3017700,13.11587326,8.8392,2426.5728314831,0.2092257,1,4.572
3018900,163.74404932,19.812,2382.28939164978,0.38531481,0.655794274102992,3.05
3019500,1533.557597,6.4008,2332.68929065575,0.036526499,0.908453722326404,1.68
3021300,93.79812108,4.2672,2440.11313407449,0.023416228,0.793890606365504,1.4
3023400,118.52443568,17.6784,2343.69022138423,0.017820151,0.587921467740116,3.48332
3025800,62.20833192,16.764,2539.20416513657,0.322535211,0.764560694609135,3.4812
3026500,126.43604698,8.8392,2474.96250291041,0.35378292,0.649736796496453,2.5146
3027300,18.4536816,11.5824,2494.93652623535,0.007397445,0.326365940952735,1.1025
3028600,721.5956066,8.5344,2395.39490254954,0.154438187,0.998533332131495,3.1
3028700,145.94191218,22.5552,2377.70609103244,0.197031598,0.982728026384539,4.42
3029300,483.80615986,5.4864,2411.59075599652,0.102235675,0.997940588574667,1.83
3030400,174.2375573,12.8016,2430.36990706362,0.047106422,1,5.208333333
3031300,89.24540358,8.8392,2398.25446767463,0.087524752,0.988304722894656,3.525
3032300,594.1195166,12.192,2302.7883979746,0.049704273,1,5.33
3032800,804.8799854,36.576,2394.4619301527,0.051767301,0.716761603848081,4.024
3035000,166.75491316,11.5824,2389.38237247174,0.128532343,0.803616586001066,2.9725
3035500,72.83538628,11.8872,2556.31297761785,0.364788233,0.738658898921554,2.6
3035700,54.16317424,7.9248,2505.05353905729,0.459993724,1,3.2
3035800,58.00769124,7.3152,2426.67634326355,0.25675189,1,3.3375
3035900,515.1248094,15.24,2530.0478198077,0.413272439,0.472939202275693,1.805
3036000,27.16252432,5.4864,2366.33365099057,0.421015016,1,2.4975
3037100,28.61939392,21.9456,2383.82680918198,0.459821428,0.714395703403827,4.025
3038100,1241.21647746,27.1272,2398.28298253545,0.396018147,0.845295255267864,3.1375
3038300,165.40730878,18.5928,2527.19108270985,0.456547019,0.906952053525758,4.1
3038600,86.71611608,10.3632,2429.71789339483,0.413447572,0.728444336932572,2.44
3038700,476.65535824,10.3632,2354.42204852532,0.416402411,0.834443869458874,2.4384
3047500,748.73384976,11.2776,2528.05741454845,0.395944031,0.697156862268627,2.74479166675
3048600,113.14615874,16.4592,2358.34976218613,0.47227738,0.80665415,2.515
3050000,209.22670886,9.7536,2493.09729240885,0.374458747,1,3.925
3050300,153.1534167,9.144,2449.8223485606,0.398985573,1,3.66
3050600,431.89708664,10.3632,2603.32446127343,0.363855222,0.68077462281378,1.5
3052600,77.092683,6.4008,2595.37642336394,0.472772277,0.494752222482242,1.37
3057500,210.6795316,7.9248,2493.94649141267,0.460332175,0.781719525757544,1.7644
3057600,1479.98526432,22.86,2511.64007636873,0.374374068,0.873541250679277,5.295
3057900,177.10678104,7.9248,2501.74333625543,0.514045565,0.770725460056291,1.6744
3058200,254.91575826,6.096,2489.6877602172,0.456747681,1,2.545
3058800,375.07512538,8.8392,2552.73892254928,0.456478325,0.746847965294154,2.1
3060200,147.9329673,12.192,2456.70869045917,0.431169474,0.848842009930656,3.28
3063800,84.87884164,8.2296,2557.13427142533,0.501816713,0.682052541806252,1.615
3064800,75.19875252,5.7912,2621.88450601227,0.5508973,1,2.365
3065700,75.66818828,22.2504,2454.84617205486,0.416832175,0.891261511916877,6.4025
3065900,80.97362174,8.5344,2586.10842568822,0.481462831,0.558582866208211,1.75
4002400,103.90717736,16.764,2342.42462279713,0.127393899,0.662056141187823,2.69748
4003200,486.94247636,12.192,2356.48971262452,0.067068709,0.653879844308253,2.52
4004900,1453.6118777,10.668,2253.21281346253,0.046340582,0.97833872585032,3.5
4005300,89.65413644,13.716,2313.61032960469,0.010273973,1,5.86
4006300,131.77790218,17.9832,2335.71236038981,0.013483458,0.915192283990543,5.3
4006900,1087.09181436,8.5344,2299.84080720529,0.230899005,0.495468334185012,1.83
4007900,434.38185868,17.3736,2367.3320794483,0.170558714,0.556791438892868,2.955
4011100,704.27099894,19.2024,2357.60959150213,0.135725091,0.637754238397832,2.745
4012000,912.82592904,7.0104,2278.69399281214,0.139842109,0.945550260492547,2.515
4012200,186.67355808,13.4112,2331.1365156747,0.172643567,0.942310152430109,3.125
4013001,130.713578,7.3152,2337.43837963739,0.165856593,1,2.845
4013002,2663.06455102,23.1648,2337.43837963739,0.165856593,0.346856144990341,2.57
4013202,136.37513514,5.1816,2274.29293544432,0.100254712,1,3.4
4013400,292.2237606,7.62,2334.21332626152,0.14993518,1,3.35
4013500,292.20757316,15.24,2373.98259712304,0.095943979,0.979067407870144,3.81
4014000,267.62289866,5.7912,2348.96753905413,0.157547468,0.620381641730527,1.1475
4014200,213.49614616,15.5448,2386.75150805319,0.082872614,0.788639075217857,2.44
4015200,345.3792667,15.24,2371.12603793139,0.195294566,0.978097084657187,4
4015500,188.19113058,7.62,2391.78549489449,0.214882391,0.726140626291695,2
4015900,650.04307494,13.716,2301.80455594743,0.202052666,0.937918589408963,3
4016600,206.89976436,13.1064,2327.62375079743,0.185868678,0.951721262650638,3.4
4019600,186.93255712,7.62,2395.69066617358,0.281274399,0.670102413958674,2.13
4021700,83.32889426,28.0416,2304.38893806148,0.078923766,0.616897687907893,3.4
4033100,80.36254588,8.8392,2255.02047252884,0.289041619,1,3.9624
4034200,53.3376148,3.9624,2363.98770657134,0.364825281,1,1.52
4034300,404.2003768,19.812,2312.01283188006,0.307514168,0.399934162500287,2.74
5000700,51.79171428,6.096,2709.79305373968,0.809760061,0.287950369638258,1.1846
5001300,530.3814716,5.1816,2721.8636305606,0.761011582,0.234658709532798,0.46
6000200,797.32045092,4.7244,2891.78134501278,0.69575269,0.235012882329684,0.6929
6002900,59.57382606,4.572,2928.26807517238,0.756258932,0.248859018788489,0.4572
6013800,176.7061419,2.7432,2882.55656894516,0.896847115,0.120286452907951,0.5298
6015200,4849.66799308,4.8768,2789.3396266887,0.74674829,0.715242121993178,1.6125
7004400,585.24070576,17.9832,3009.40347527334,0.712144734,0.584987969811895,0.8
7004700,35.70949264,8.5344,2997.64600689382,0.682894149,0.367113777568387,0.6
7005300,117.52890812,7.62,3052.96110177442,0.656807307,0.379922424420102,0.78
7005400,150.04138136,17.6784,2935.59233157092,0.645188017,0.803292230193267,1.07
7007900,549.80235274,2.7432,2944.98192027339,0.402910603,0.9685652,0.85344
7009000,54.19150226,2.4384,2869.76175940519,0.329705505,1,0.8
7009600,327.23719332,2.1336,3000.83118455905,0.605900695,0.256254539418206,0.285
7009800,153.52977468,2.4384,3054.91281052523,0.8432992,0.124946425490245,0.33014
8001100,101.89184108,2.4384,3030.06345377401,0.631702544,0.356154688374739,0.5
8004500,97.45648252,6.4008,2950.98455814017,0.616389014,0.381757429673802,0.91
9000300,13.82812062,6.4008,2437.16803485433,0.06227758,1,2.6
9000600,16.54761054,2.7432,2348.7818331314,0.314323608,1,1.3716
9000700,14.73461726,7.62,2294.04833095276,0.425910246,1,3.325
9000800,126.83668612,8.5344,2448.25135083742,0.242775078,1,3.35
9001000,56.6762743,4.2672,2372.73455025776,0.170194426,1,1.5
9001600,51.64198046,8.2296,2239.03857825663,0.110779931,0.997544388040496,2
9002600,31.160822,8.9916,2346.52540347889,0.095042173,0.92293524949219,5.35
9002900,154.29463122,4.8768,2292.76889900689,0.130540812,1,2.9
9003200,214.281237,7.62,2261.03468581137,0.084347979,1,3.375
9003400,40.50097488,9.4488,2433.29973068791,0.375846024,0.964606497626785,2.95
9003500,46.28393782,21.336,2454.3600543952,0.14352803,0.744497301073538,3.505
9003800,165.37898076,24.384,2481.01600374506,0.15278926,0.294881095774409,2.2425
9004100,113.00451864,5.4864,2569.63569964863,0.167289333,0.740126990775016,1.4
9004300,53.68564476,20.4216,2505.68373914372,0.134593993,0.705393920562018,3.76428
9004400,43.8274938,14.3256,2509.70927110679,0.235372636,0.718639681099179,3.30708
9005700,157.422854,10.668,2434.01187714906,0.124169155,0.754126723492467,2.59
9006001,45.95614216,7.62,2440.72257734919,0.127273187,0.907748826698231,1.8144
9006002,129.49547314,6.7056,2309.41292945831,0.127273187,0.892560830533085,2.35
9006200,43.26498026,7.0104,2487.07443380668,0.035089925,0.582909350800538,0.9906
9006700,94.97171048,14.6304,2456.63476676261,0.143177747,0.773185626726689,1.68
9006800,57.49374002,7.3152,2397.77558166236,0.217118997,1,2.6
10000200,119.87204006,14.9352,2925.73974797721,0.647346369,0.339459153922831,1.475
10000600,99.2087729,8.8392,2866.36111495864,0.632322393,0.612251318671194,1.4
10000700,35.04985446,6.096,2910.93081675384,0.515596803,0.609096767493458,0.91
10000900,273.9521877,21.336,2758.19399910957,0.471763377,0.594469089080016,2.47
10001200,44.53164744,13.716,2927.63858155857,0.444200877,0.718613659687684,2.4875
10001300,35.52333708,5.1816,2942.22133255303,0.411385607,0.341343005786759,0.9
10001500,42.4515614,10.3632,2818.1472685335,0.480901347,0.592351837833875,1.1
10001900,67.36403156,20.1168,2838.67887789827,0.674181428,0.446678523377712,1.95
10004100,109.72251518,17.6784,2733.94209690402,0.223051409,0.806526210004262,2.33
10004200,104.37661312,5.4864,2823.33812274325,0.517909288,0.540229562585196,0.69
10004500,67.12931368,11.2776,2873.45202505576,0.518269747,0.585542828918719,1.5375
10004800,65.97595858,12.4968,2849.69474598228,0.571869693,0.508312198859855,0.775
10005200,37.40108012,10.9728,2822.70579245904,0.578770412,0.493248243396804,1.1
10005300,120.05414876,12.192,2810.6909900253,0.553195489,0.605626864199077,2.515
10005900,1246.5745201,11.2776,2854.16644762866,0.498238675,0.611161442850975,1.755
10008800,90.20046254,5.4864,2950.79171248442,0.561102832,0.474752361015728,1.175
10009300,134.82923462,3.3528,2796.06308745336,0.534993398,0.636126517241372,0.61
10012100,74.14656892,4.2672,2968.88875862191,0.708512674,0.24732190060458,0.55
11002600,284.2312121,13.4112,2311.83743988165,0.014516612,0.982972316799525,3.975
11003700,49.18148958,18.288,2504.24937374438,0.013996762,0.396852238544246,2.4475
11004300,611.31057788,39.3192,2405.05081162507,0.026956617,0.327587261119938,3.048
11005900,643.52763034,33.8328,2418.68375443517,0.02021798,0.726854631097555,3.7544
11006200,545.05943282,28.956,2376.69317401099,0.030504448,0.601265240452095,4.8
11006900,78.1853352,16.764,2409.32431872059,0.034624413,0.840219462636368,5.105
11007700,295.39245198,7.0104,2213.97140662436,0.062293357,0.987594759194123,2.775
11008600,150.60794176,16.764,2358.67325767131,0.047050232,0.985606854499792,5.35
11009200,165.46801168,3.6576,2207.91165810653,0.02878769,1,2.81
11010200,144.9989938,13.716,2420.43516947571,0.046153846,0.976412395557596,4.115
11010500,170.54277412,21.0312,2412.95810837784,0.024261802,0.789749571624165,4.3225
11011600,45.02941122,19.2024,2475.362656565,0.015352697,0.79646865859188,2.765
11012100,77.58639992,4.2672,2309.36786191209,0.05785124,1,3.3764
11012900,250.09999486,9.7536,2395.73262403427,0.014474983,0.740075283084473,2.205
11014200,408.23509622,35.052,2389.93031026344,0.057276013,0.799767657218596,4.58724
11014300,1397.03272804,13.716,2426.04363504472,0.042364255,0.870773851576609,2.9125
11014600,535.41171858,20.7264,2301.68982171607,0.018824228,0.625965828625485,2.95
11016700,587.47052562,22.5552,2397.74796751301,0.018177773,0.589970371353524,3.17654
11017400,173.27845148,24.6888,2408.4733027674,0.048014335,0.879615638975936,4.3
11017700,116.50505254,3.9624,2286.51516623938,0.099108548,1,3.354
11019000,282.33728162,3.3528,2257.08122310765,0.033662382,1,2.7432
11019900,147.1842982,17.0688,2478.73792708188,0.007733051,0.946247740394567,3.885
11020000,212.29018188,14.3256,2418.85538821625,0.056423272,0.911541680146835,4.75
11020200,49.0681775,6.096,2370.82931442292,0.017118998,1,3.47472
11020400,622.65392646,16.764,2346.20561889086,0.021713809,0.658823527318886,2.295
11021800,170.83414804,16.4592,2496.12956339886,0.192584153,0.557090760903493,2.685
11022000,56.06115158,8.2296,2496.12956339886,0.104833043,0.995123233509871,2.925
11022200,100.27309708,7.9248,2496.12956339886,0.140879163,0.556871305312814,1.423333333
11023400,157.26502646,18.288,2419.76511093563,0.113005735,0.995977198196959,6.3
11024200,117.03923806,17.3736,2357.89169776755,0.042540936,0.865308926395735,4.16583333325
11025000,389.83807066,18.288,2409.70055232969,0.038802901,0.837146006503286,4.1525
11025700,74.56744236,12.192,2379.6606128177,0.107441428,1,5.8
11025800,99.6741618,11.2776,2396.07830929162,0.029878838,1,4.9
11026300,115.35169744,8.8392,2350.79304969366,0.049894882,1,3.8675
11027000,62.91248556,14.6304,2464.52159352076,0.052911933,0.866608196865598,2.74
11027300,79.925485,14.0208,2376.40203502634,0.028602509,0.997871412322112,5.35
11027400,310.26061562,20.4216,2371.43464478252,0.065185676,0.871341143004315,4.04
11027900,60.36701062,16.4592,2362.6391887038,0.035996488,1,6.7
11028200,198.7210603,28.3464,2424.86870999037,0.042082254,0.46047271002238,3.51
11028300,298.38308152,21.0312,2413.04325540053,0.04868653,0.803619665898236,4.025
11029200,105.420703,7.62,2379.89940134985,0.035731003,1,3.6576
11029600,110.24051326,28.956,2320.36545852917,0.008948776,0.947610482828251,6.25
11030400,361.79737772,17.3736,2489.96486569044,0.03265875,0.908166750686953,4.8768
11030500,4025.49662606,24.384,2496.12956339886,0.15484399,0.438535684660002,3.075
11030700,208.36877454,3.6576,2356.32797612818,0.086033108,1,2.29
11031100,301.1066183,25.6032,2390.64158962556,0.04856722,0.88380408882207,4.55
11031300,239.50936224,10.668,2338.75031412155,0.014980567,0.556732841615146,1.812
11035000,73.72164862,7.62,2450.76804833084,0.072538859,1,3.5025
11035100,101.4345459,11.2776,2414.23124187189,0.019842164,1,4.27
11035300,53.2971462,9.7536,2462.45882972499,0.154506033,0.842417763642285,2.4
11035500,75.56701678,12.8016,2430.9564515683,0.129617955,1,5.18
11035800,105.34785952,15.5448,2399.35772434926,0.06793722,0.991522521615625,5.49
11036100,89.15637266,14.6304,2442.37522322406,0.058178191,0.999783022700373,5.2
11036700,178.04565256,8.2296,2467.47972156724,0.082073769,0.904974372836167,2.9325
11037100,233.28529156,15.24,2367.32994392839,0.034078517,1,6.4
11038300,444.81871062,21.9456,2341.00633674622,0.060669277,0.91175957231479,4.84
11038700,91.47522344,11.2776,2394.1439654524,0.027317391,0.984933234120803,4.15
11039400,53.80705056,7.9248,2357.09222268279,0.022095633,1,3.0861
11039600,31.14868142,9.4488,2404.85740219435,0.03620781,1,4.35864
11040000,57.45327142,33.528,2419.61490531673,0.071830713,0.801320595640159,4.585
11041100,652.52784698,24.384,2416.47226751175,0.062089036,0.582886100457891,2.4
11041200,512.81405234,13.716,2306.89476145985,0.04298588,0.983873216967013,4.1483333335
11041300,2055.97080126,63.3984,2281.42857303103,0.036740795,0.567470163587241,5.96375
11041500,1922.79268552,28.956,2291.21742696704,0.076273799,0.7123129515502,4.1148
11045400,57.66370814,14.6304,2385.04069659353,0.00122424,1,6.4
11047600,112.20728722,25.6032,2329.81699816273,0.071372006,0.904328342270481,7.3
11048000,115.0724641,24.384,2341.34942763275,0.073663426,0.772425984959819,3.9812
11048200,58.0117381,17.9832,2339.41045140215,0.092431402,0.946431393392694,4.572
11048800,224.40648072,15.24,2292.20434387041,0.012433887,0.892866575905333,3.51
11049000,145.9500059,19.812,2341.47828838133,0.142081315,0.70419201634019,3.35
11049300,78.90162942,17.9832,2427.40819802021,0.013411254,0.696068227465229,2.74
11049400,228.6071214,22.5552,2387.86348670783,0.01457426,0.585368472131034,2.48412
11050000,62.50779956,5.1816,2386.2049059625,0.031042129,1,3.2004
11050200,76.9712772,12.192,2262.29576078516,0.038091573,1,4.585
11050400,710.49506962,28.3464,2297.22804361714,0.2306132,0.4959597,3.7
11050500,213.65802056,7.3152,2353.43102499578,0.163969795,0.999689634696305,2.4384
13001300,78.17724148,9.144,2710.24500463051,0.522977851,0.748324279105333,1.51
13002700,338.04635638,33.2232,2745.97192024518,0.592789367,0.542837324556996,1.07
13002800,184.00263048,10.3632,2829.41267109493,0.581604276,0.561014528887851,2.025
13003100,322.00460334,6.4008,2544.40037215168,0.353119092,0.843346192303806,0.9534
13003201,303.21503236,14.0208,2762.3276979687,0.598234319,0.649756705761682,0.8875
13003300,68.0681852,7.0104,2870.33436375489,0.623463803,0.447715999753338,0.85
13003500,57.4047091,8.8392,2783.06646832568,0.592343181,0.527700610433145,2.05
13005300,88.14870452,14.3256,2835.26115924488,0.52448737,0.398582837204283,1.66
13006800,129.02199052,17.3736,2657.33473005274,0.363169755,0.70157843925118,2.59
13006901,599.14976358,7.3152,2561.09071295166,0.520375002,0.4892786273975,0.91
13006902,638.8575539,12.8016,2616.86764027839,0.520375002,0.465190758754659,1.22
13007300,90.66585144,16.1544,2716.97501826495,0.533737308,0.452046707863882,1.3
14000400,100.55637728,3.9624,2557.52417406111,0.774123035,1,3.4
14003000,53.85156602,6.7056,2553.64069112447,0.404796254,1,2.44
14004900,51.38298142,10.9728,2649.58627642763,0.611135067,0.468322564463946,1.40208
14010000,44.10672714,11.8872,2636.8547205575,0.714361646,0.349716391605516,2.1336
15000100,95.19024092,14.6304,2325.65393512851,0.016879641,0.739441727475856,3.6975
15000500,64.44219864,24.384,2161.3767304403,0.008507645,0.749370574567215,4.4
15001000,122.79387298,28.3464,2271.20678262671,0.006813443,0.426188809225427,3.3625
15001600,431.0512929,12.192,2293.4635732583,0.014532516,0.379439771392815,1.573333333
15006000,38.54229464,13.716,2278.55728119714,0.237820513,0.808969673064019,3.1625
15006800,202.8286232,19.2024,2228.16718207149,0.020638257,1,6.55
15008100,38.28734246,12.8016,2331.8509414704,0.41956006,0.863204147399652,3.4
15009000,16.28456464,23.1648,2322.82249696209,0.447196871,0.820692025831989,4.4
15014400,38.63941928,5.7912,2252.89142440366,0.51068999,1,3.2775
15014900,501.1631424,4.572,2298.82748288727,0.410130379,1,2.495
16001900,163.68739328,10.668,1899.11677909653,0.003466592,0.88998299881398,2.85
16002700,156.11571822,14.9352,1989.34928371995,0.002741858,1,5.1
16002900,163.84926768,12.192,1880.88589234236,0.005558782,0.925702816900922,2.475
16007700,826.63590476,34.1376,1900.95029424006,0.002213542,0.7346633,5.0292
16014300,755.751105,15.24,1973.03400347746,0.005139607,0.552754594733668,2.87166666675
16014600,240.09615694,20.1168,1937.6537174912,0.003271045,0.748440471253885,3.4
16014700,133.59898918,22.86,1951.40976164957,0.004882629,0.805430231358006,5.4
16015600,305.06040052,8.2296,1890.78664204663,0.002576371,0.99967467659177,2.6825
16018200,83.36126914,7.62,1894.73023713497,0.003171247,1,3.4
16020400,57.15785064,8.8392,1967.06395457242,0.005272408,0.885027163353927,2.4
16022700,189.24331418,21.6408,1919.56321912605,0.003067761,0.910312553468649,5.03
16022800,199.51424486,23.7744,1928.30998388765,0.002855022,0.88521441682333,6.705
16023900,309.180104,22.2504,1932.11764048325,0.006319012,0.777590644221927,3.66
16025200,329.58841898,13.716,2019.87261495592,0.001613531,1,5.636666667
16025300,138.75468882,6.096,2282.7513271034,0.007497322,1,2.85
16032800,50.59384372,5.7912,2032.46030179778,0.002340167,0.998616510832342,1.9812
16034600,182.715729,5.1816,2069.72982285707,0.001313239,1,2.4384
16034700,106.20579384,2.7432,2092.25875630438,0,1,1.612
16035500,42.47988942,5.4864,2032.46030179778,0.00402527,0.996989877023747,1.73736
16036000,291.62482532,9.144,2238.02257387862,0.004353398,0.785230578613452,2.275
16038400,143.69995174,4.572,2071.76781322199,0.000409433,1,2.1
16044800,443.32946614,61.5696,1923.38807261979,0.006348472,0.44238219758542,5.2575
16045400,305.73217928,8.5344,2097.32133145226,0.001624605,0.971118297171748,2.4189
16063900,239.9585637,5.9436,2125.44241849715,0.002138752,0.932934333789921,1.5358
16064500,149.30485284,3.3528,2191.90653327886,0.002603948,0.995553235274119,1.1
17000300,88.94593594,2.4384,2813.43776232212,0.892898638,0.66204749076562,0.61
17000700,109.1640485,3.048,2878.50557487409,0.745807205,0.0780940523256756,0.45
17002000,42.65795126,2.4384,2873.93543281445,0.771656854,0.122023305262135,0.32312
17002200,62.71418942,3.048,2874.4123994433,0.792212298,0.235594003243367,0.52432
17005400,65.59555374,3.6576,2874.0913125388,0.625822369,0.0610642348108639,0.43951333325
17006000,353.3111123,1.8288,2867.8974940026,0.868418696,0.210242401614548,0.2
18001800,210.28293932,12.8016,2571.89921840235,0.108123309,0.846836258650418,2.6825
18002000,409.5219977,25.6032,2533.04472924057,0.090769594,0.665442682961618,2.975
18002800,194.50827904,16.4592,2559.1570263119,0.132125672,0.6881876975643,3.35
18003400,938.82295768,22.5552,2439.3822235015,0.138379936,0.856250105579988,4.27
18003800,364.29429034,16.4592,2457.6552031764,0.041847681,0.644934665599856,3.8
18004400,66.65987792,13.716,2494.0907686203,0.11639931,0.9648921,4.27
18005000,116.07608538,11.2776,2494.0907686203,0.149925144,0.910206374550546,3.51
18008800,673.16278612,7.0104,2521.20764587618,0.21069331,0.933881755196601,1.485
18009000,446.39293916,19.812,2479.14755050947,0.26089681,0.853327732993145,5.03
18009600,321.87915068,14.3256,2539.42586112618,0.19516425,0.481747684616482,2.0525
18010400,282.02972026,12.8016,2506.89670846922,0.104144677,0.882143088693474,3.425
18013600,524.02385454,14.3256,2533.98217273588,0.222888274,0.435167118175319,2.4
18014500,130.48695384,7.62,2577.02783255524,0.089011364,0.713230563550352,2.1
18015500,153.1534167,7.9248,2631.90567964406,0.202472825,0.703138245440621,1.865
18018300,96.93443758,11.2776,2522.25213735566,0.022563736,0.680271360394926,1.83
18018400,97.12059314,19.5072,2407.67269762751,0.028571428,0.93093298114932,5.04
18018500,166.98963104,10.3632,2516.09121934181,0.026099181,0.317529893168425,1.52
18020300,291.66934078,3.9624,2498.98091175926,0.028421163,0.591775812574802,1.07
18021200,242.4878512,11.8872,2410.12708028375,0.119500698,1,5.5
18021800,47.41301176,6.7056,2397.72866012616,0.058312655,1,4.57
18022500,125.47694116,8.2296,2430.06786512934,0.133664435,1,4.265
18022600,154.6507549,10.668,2333.37329111316,0.061153923,1,4.75
18024200,353.87362584,10.9728,2481.30678188103,0.058743471,0.7277219,3.253333333
18024300,293.25975676,8.2296,2476.8919992185,0.081979651,0.864527484757647,2.4
18025100,373.13263258,17.0688,2359.54297643721,0.023665893,0.977948397984198,3.81
18026100,130.94829588,5.15112,2254.55508124304,0.132733861,1,3.35
18026600,133.48972396,10.9728,2424.45468256655,0.028115468,0.704765899480712,2.57125
18026900,94.0490264,23.1648,2424.45468256655,0.071611253,0.854179386797229,4.57
18027100,104.51825322,7.0104,2424.45468256655,0.028587368,0.951047643040392,2.44
18029300,119.83966518,6.096,2444.3161524771,0.00961683,1,2.65
18029400,173.6305283,23.7744,2438.29388611018,0.019342372,0.349406909074773,2.29
18029600,141.55106908,10.9728,2448.3415164443,0.02138635,0.966656307766489,3.8481
18029700,181.87398212,16.764,2395.57962651034,0.009346067,0.933593067834827,4.7875
18029800,97.48076368,19.812,2395.57962651034,0.019322896,0.96241453655602,4.9
18030500,1041.99360652,22.86,2438.13103768829,0.07055444,0.938185480736859,4.27
18030800,3386.1494021,31.6992,2420.16741152645,0.048769956,0.876199855277,4.8566666665
18031000,3122.65025378,42.0624,2424.45468256655,0.123795191,0.529992463782834,3.6175
18031100,347.14774452,32.004,2424.45468256655,0.033811476,0.780651902469587,4.57
18031200,723.16174142,25.6032,2424.45468256655,0.096350571,0.633212631009393,3.96
18031500,551.60320544,39.0144,2424.45468256655,0.061427405,0.453844693035265,4.42
18033800,176.8680163,10.9728,2416.882164841,0.03718364,0.992040040900654,3.7175
18035100,109.82368668,10.3632,2480.55991556488,0.037118223,1,4.3
18035200,279.5368545,19.2024,2466.57686786042,0.046057434,0.984143609159706,5.18
18035400,73.24411914,17.0688,2424.45468256655,0.016229117,0.726667762019929,4
18035500,136.32657282,19.5072,2424.45468256655,0.111656665,0.564883031710654,4
18035600,85.41302716,13.4112,2424.45468256655,0.163120567,0.989366830998864,4.105
18035800,48.967006,14.3256,2555.55847465466,0.042965148,1,5.275
18035900,51.58532442,25.2984,2481.48242429784,0.020933478,0.707425378640546,5.42
18036100,76.80130908,23.4696,2465.32758466612,0.047228527,0.874674672221982,5.335
18036400,91.42261426,19.2024,2497.26359793298,0.061832855,0.660169744713349,4.6675
18036600,119.93678982,3.9624,2424.45468256655,0.072259349,1,2.13
18037100,111.13082246,12.192,2401.87361141909,0.284150286,0.99296768230732,4.6
18037200,2486.4110183,29.5656,2376.08009462205,0.059140314,0.877721046223117,4.21166666675
18037300,667.77641546,15.5448,2532.87342967121,0.055824659,0.801808886337507,3.2
18037400,123.59515126,9.4488,2506.36036540433,0.09841427,0.978014550097365,3.05
18037500,521.13034964,25.2984,2574.58675731694,0.027492142,0.772487276339493,4.57
18037600,175.86034816,12.192,2459.4676237099,0.132071971,0.831973104389685,2.6825
18037700,160.5187019,14.6304,2470.34046895939,0.117749037,0.873526924501074,3.9425
18037800,280.4878666,30.48,2424.45468256655,0.20829294,0.36393305108243,4.16
18037900,167.22839578,8.2296,2474.89904505718,0.191825718,1,3.4
18038600,208.42543058,7.0104,2307.23036674198,0.126921901,1,3.05
18038800,30.99490074,8.2296,2545.36446738353,0.053800171,0.99828340870618,3.1514
18039600,63.3131247,19.2024,2494.32856857673,0.042702703,0.964370022544264,4.8768
18039700,25.87157598,12.192,2494.32856857673,0.144331334,0.987603973232372,3.96
18039800,122.09781306,7.9248,2496.12956339886,0.106539227,1,3.2
18039900,89.10781034,7.0104,2496.12956339886,0.108284654,1,2.665
18040300,226.61201942,11.8872,2470.34046895939,0.106060606,0.943780482866975,3.96
18040400,176.75470422,12.192,2527.69908521639,0.306958611,0.659885511676741,1.88625
18040700,65.49438224,13.716,2470.73642524172,0.076072386,1,5.25
18040800,65.63602234,6.7056,2527.69908521639,0.302079667,0.96667827297054,1.83
18041200,241.0714502,12.8016,2516.95673046524,0.236357867,0.656013696499781,2.4
18052300,45.8104552,64.008,2524.37113039672,0.072301967,0.639435488708199,8.2296
19002700,116.80452018,11.2776,2805.12745860688,0.838283829,0.764706935248017,1.665
19003100,95.20642836,10.0584,2809.84284418875,0.551210232,0.810698197412127,2.05
19005700,12.09606454,10.2108,2984.00419349279,0.815985002,0.811624904922095,1.51
19006500,15.26070906,16.764,2957.51771219055,0.420899621,0.883038538667559,3.98
19007900,46.28393782,3.3528,2985.33625325378,0.62352328,0.990966978607627,1.275
19008000,41.18084736,2.4384,2812.89639811122,0.695429104,1,1.375
21001600,269.65442238,9.144,2597.76588713158,0.767478617,0.402899949244722,1.2
21004100,43.42685466,13.716,2507.84607056137,0.740659086,0.875557462536978,3.66
21004900,70.48820748,13.1064,2592.93179645682,0.740339172,0.320543157667987,2.2842
21005100,61.56083432,9.7536,2666.01612314562,0.804774378,0.668387930496614,2
21005200,258.92214966,19.2024,2501.26822712303,0.679598901,0.546070153530936,2.665
21005300,55.62813756,9.4488,2666.01612314562,0.78544183,0.48155751592988,1.83
21005400,168.67717166,18.288,2612.49595901905,0.701102024,0.383136677901839,2.44
21005500,44.60853778,7.9248,2646.54585433536,0.691038442,0.572131540266791,1.485
21005600,728.8192517,25.908,2506.70814953311,0.678868387,0.647837608923295,3.24625
21005700,1054.25154546,49.6824,2480.77185153503,0.553008747,0.455381034482823,3.275
21007300,136.61389988,17.9832,2592.46971011011,0.250983477,0.948362878004525,4.3
21007600,258.69957236,13.4112,2559.57194631665,0.484666142,0.427862714336473,2.13
21007900,336.24145682,23.7744,2552.04199228328,0.58819109,0.637350725649468,2.8
21008000,424.91625314,18.8976,2524.86052689593,0.532343781,0.623054405651498,2.74
21008300,2316.53597608,32.004,2492.75848107905,0.51672579,0.679783823418336,3.52625
21008500,371.65148182,25.2984,2560.24701806125,0.648844849,0.451137267566633,2.44
21009000,88.23773544,6.4008,2514.02792188616,0.530966143,0.803108651624059,1.6
21009200,991.65471498,12.192,2580.03160102307,0.59418756,0.5591083,2.1
21009400,86.78895956,10.0584,2628.63625972828,0.537532679,0.836864780809837,2.65
21009500,45.7902209,12.8016,2637.69742911973,0.537814259,0.903262776313269,3.25
21010100,35.11055736,17.6784,2387.55659425762,0.537057742,0.888947017306518,3.66
21010200,118.40302988,13.4112,2569.0409215859,0.535745571,0.791687003686822,2.86
21010300,98.15254244,15.8496,2611.38012947298,0.550738538,0.794118909520806,3.66
21010500,18.76528982,9.4488,2387.55659425762,0.536142396,1,3.585
21010600,304.5464493,32.9184,2578.32599136303,0.537696423,0.524777469595636,4.1148
21010800,166.49186726,37.4904,2526.80063261187,0.532094574,0.539240801849086,3.4
21011100,40.7923488,15.24,2632.91519885304,0.736414343,0.89917505972714,3
21012300,1791.47207852,32.3088,2534.65243127287,0.533369826,0.615897281296249,4
21013600,40.04772656,11.5824,2627.38752944805,0.670821529,0.81604770501128,2.17932
21014000,106.61047984,12.192,2666.28920530441,0.549334921,0.407641681267399,1.59
21014500,475.52223744,28.956,2597.30849026476,0.667313987,0.715917378881492,3.3507
21015000,71.53229736,18.288,2652.58385667197,0.401378123,0.525698384562015,2.7432
21015100,124.38833582,12.8016,2513.51082121393,0.417363851,0.832135545283023,3.15
21016000,178.89954002,19.812,2650.17980565483,0.344643809,0.474627677740938,2.9
21016200,100.21239418,5.4864,2646.00374297669,0.505599389,0.691883471860409,1.7
21018000,182.2301058,12.192,2495.47936889236,0.570308569,0.538614307113883,2.2
21021200,109.0021741,7.3152,2600.71154091049,0.685458544,0.849085958815031,2.6
21021300,94.54274332,10.668,2585.34400053365,0.655031571,0.840186239508035,2.208
21021600,64.55551072,14.0208,2624.03754381874,0.648739932,0.589653079844791,2.475
21024200,246.9798658,4.8768,2562.52359645929,0.641354894,1,2.255
21024500,333.38842052,9.7536,2504.16570823608,0.390780668,1,4.495
21026400,152.17002972,4.2672,2622.37675045799,0.677055511,0.497711978342502,1.065
21029100,365.3100522,6.7056,2614.19801516829,0.646232587,0.535675914543807,1.52
22007400,80.60535748,6.096,3006.50600965263,0.434181169,0.396566705297621,0.91
24001400,1080.17573062,1.6764,2862.40172986908,0.833672133,0.8110997396224,0.45
24004300,8.52673402,2.1336,2879.36746535975,0.657894737,1,0.762
26000200,1521.87026532,6.4008,2664.01010355503,0.354672711,0.441687414563966,0.795
26002000,62.1800039,6.7056,2742.15528634444,0.768615807,0.301407554032987,1.2
26004000,83.60408074,8.8392,2660.68647172459,0.754026354,0.620303613040828,1.915
26004600,53.15955296,3.9624,2682.53568233119,0.882148545,0.35886782696313,0.8382
26009500,214.33384618,8.5344,2612.59802794179,0.580677677,0.726149667061166,1.4
26009700,734.77622962,7.0104,2632.095328601,0.560368187,0.563172729919584,0.91
27001600,138.08695692,26.5176,2871.32455281157,0.78623198,0.377388421866651,2.9825
27001800,21.42002998,10.0584,2946.67333937889,0.55440372,0.388908172281963,1.47
27001900,81.43901064,10.0584,2971.90429244354,0.838082316,0.247137049710516,1.24
27003100,169.72935526,24.9936,2859.12424138207,0.808058489,0.408705295110205,3.05
27003700,16.13887768,7.62,2889.87204859334,0.485966936,0.679340620041051,1.945
27003900,66.28351994,15.5448,2912.61259151242,0.80875415,0.411958671351603,1.91
27004000,45.22770736,9.4488,2943.64693131622,0.806497559,0.727227520082397,1.0675
27004700,75.24326798,8.5344,2913.44309237846,0.493728048,1,3.05
27004800,35.58403998,3.6576,2928.23048778477,0.672904484,0.449121404948372,0.9075
27006700,71.88032732,13.716,2847.50572430042,0.676252076,0.584020656022504,1.98
27007000,46.10182912,5.7912,2977.05309545114,0.809135921,0.831837778616489,0.8
27007600,39.21812026,4.8768,2983.14794178718,0.794148749,0.800423493369813,0.8
27007800,66.4494412,4.8768,3039.90864195512,0.750051081,0.349563793667562,0.5
27010400,374.43167464,14.9352,2850.65706425625,0.770914509,0.386121129335012,1.22
27010700,40.53739662,11.2776,2801.20221238002,0.764401773,0.825977107988762,2.2675
27011101,116.22986606,10.3632,2883.30387420507,0.591001042,0.6604665709217,1.6
27011700,61.54869374,17.3736,2778.52363887328,0.642921147,0.498612492949508,1.875
27011800,96.20600278,14.6304,2902.37893571015,0.667813226,0.296169860201919,1.4
27013700,108.11995862,26.5176,2774.1782100688,0.425914994,0.733612453139898,6.048
27014900,33.13568968,11.5824,2881.89340895649,0.59974841,0.392239443694753,0.875
27016000,115.33146314,10.0584,2889.62897055054,0.550008222,0.316505340091297,0.85
27017600,336.70684572,17.6784,2772.68563088224,0.536829591,0.412306254888988,1.16
27018100,69.89736592,13.716,2874.67862893134,0.434663342,0.30157962302819,0.9
27018400,206.40200058,6.7056,2907.94755901712,0.359325907,0.822793177022811,1.0287
27019200,106.54573008,9.144,2829.08055921543,0.456926158,0.270319413455157,0.97
27019900,14.84792934,13.4112,2794.86124363008,0.577301161,0.45656145029636,1.05
29000200,42.78745078,10.3632,2389.80531322211,0.238514037,1,4.2
29000300,28.05688038,19.812,2484.53335653039,0.231287759,0.833360815990811,5.1816
29002500,94.0490264,19.812,2388.60567728896,0.176541261,0.754896229244378,3.2251
29003200,53.03814716,18.288,2325.73678728184,0.290254794,0.986043936159994,6.4
29004500,70.90503406,12.192,2339.00949331877,0.128381916,0.9549519,3.41376
29004800,187.91999096,27.7368,2324.07609004672,0.014005701,0.470326985940349,3.4
29006100,388.34477932,9.7536,2291.53989464951,0.151638805,0.983813197553507,3.66
29006600,219.7849666,7.3152,2319.20238593511,0.297450509,1,3.505
29007100,347.95711652,12.8016,2315.59484325192,0.359913054,0.96857394540816,4.5
29007200,203.54491742,9.144,2388.60567728896,0.175719105,0.631743735336792,2.6675
29007400,20.9222662,10.9728,2272.72660901785,0.257223397,1,4.9
29007500,984.75886554,40.5384,2268.26586329534,0.077260229,0.339948898973749,3.51
29007700,260.3749724,10.668,2434.0903274242,0.184859781,0.610422680422397,1.6
29007800,178.31679218,3.048,2434.0903274242,0.184372576,1,2.59
29008500,89.61366784,10.668,2434.0903274242,0.189003796,0.63799224682095,2.0896
29008600,211.25418572,4.572,2381.7849988446,0.189209805,0.887405069279913,1.28
29008700,58.46093956,6.4008,2387.16726287982,0.567723848,1,3.375
29008800,91.13933406,9.7536,2348.6044984438,0.044957473,1,3.81
29009000,73.16318194,2.7432,2259.80008595831,0.228238342,1,4.04
29009100,105.46926532,12.8016,2390.50858786183,0.199883978,0.66464121006648,2.665
29009200,161.92296232,10.668,2377.09092889294,0.151975634,0.951287061982682,3.05
29009300,137.42327188,12.192,2377.09092889294,0.19194661,0.736565942094767,2.74
29009800,69.54124224,9.7536,2277.88879228069,0.010041601,1,4.27
29010101,153.3962283,29.2608,2215.57712094007,0.061206312,0.707922684936556,6.425
29010102,116.80856704,10.0584,2111.65541597671,0.057085814,1,3.7
29010103,109.13167362,15.24,2234.46486674378,0.055847835,0.991472514352721,4.9149
29011000,52.86817904,10.3632,2171.3035849172,0.053355631,1,6.15
29012700,9.37252776,22.2504,2376.31322940578,0.003714109,0.922721715012897,6.2484
29013000,14.4877588,15.6972,2345.76944843581,0.008967191,0.971740990268755,5.1
29013100,16.32503324,5.9436,2286.91927380856,0.007592571,1,4.8765
29014200,132.09355726,7.0104,2490.08050007997,0.642044312,0.944959190958905,2.4
29014300,138.96107868,7.3152,2344.73110634422,0.65092326,1,3.165
29014600,605.67734876,17.0688,2320.43745298775,0.111381418,0.987251415944044,5.51125
29014800,185.80753004,16.764,2194.59519927983,0.035553778,0.9248954,4.505
29015000,165.72296386,24.384,2258.49948340323,0.06460828,0.884273718291773,6.25
29015600,1024.18337566,19.812,2330.37758309303,0.076100102,0.463861247495022,2.2125
29015700,85.995775,3.6576,2342.14937720666,0.251530521,1,2.13
29016100,779.46975146,41.148,2324.05847081676,0.37492996,0.5297562576645,3.267375
29016200,137.81177044,8.5344,2345.33102603722,0.366934393,1,3.7
29017000,30.14101328,12.192,2250.34436621064,0.055693106,1,5.49
29017200,41.1768005,7.62,2333.94060816063,0.045648238,1,3.275
29017800,125.57001894,7.9248,2155.17752703123,0.117891042,1,3.825
29018000,259.47252262,33.528,2194.59519927983,0.03845547,0.754548216569677,4.81
29018400,136.1161361,25.6032,2295.16979217335,0.260637062,0.569208511347614,4.965
29018500,661.69398488,41.148,2225.35615738202,0.043658487,0.655459294329502,6.41583333325
29018600,31.73952298,15.24,2310.03683058437,0.038516966,0.902891586454676,4.585
29018800,37.70054776,16.4592,2285.80998378266,0.08085101,0.934622875197537,5.04
29021600,334.15732392,8.8392,2275.96605103368,0.146542189,0.974322581286875,3.05
29023700,18.37679126,19.2024,2430.16470304142,0.036204744,0.781042609961275,4.4196
29024200,664.72103616,23.1648,2353.197782054,0.099561144,0.529500655266726,3.2
29024300,848.25827774,26.5176,2281.39540062715,0.091252052,0.565114159109135,3.1625
29024700,42.69032614,4.572,2371.21967166167,0.621894894,1,3.8
29024800,24.83557982,9.7536,2462.80346107152,0.449276169,0.997074966043079,3.4314
29025000,173.73979352,5.1816,2440.64422119981,0.207144957,0.640607817313982,1.22
29025400,219.0362975,19.812,2366.43975632483,0.084504943,0.609421099689788,2.59
29025600,171.39666158,23.4696,2344.78758941735,0.083385985,0.704072926350527,3.3125
29027500,15.59659844,13.716,2400.42095724089,0.00151918,0.970468871405714,3.9624
29027700,38.38042024,21.0312,2379.3686382372,0.040971429,0.952280457975373,4.2672
29028900,21.78020052,12.4968,2112.74354724177,0.020138387,0.673960356619585,2.8194
29030900,96.2747994,64.9224,2276.42509360529,0.023117308,0.116961689073065,1.524
29031200,41.26178456,7.9248,2358.66341737171,0.044360547,1,3.048
29031300,154.1651317,16.4592,2375.58545650255,0.101104148,0.992100318046718,5.3332
30000900,120.66117776,1.8288,2872.00377083384,0.483020743,0.442549159422306,0.2325
30002200,90.1640408,10.9728,2746.86730259602,0.610744456,0.531851659937207,1.4
30003500,54.71759406,7.9248,2699.52352948301,0.635285823,0.924159638270898,2
30004300,143.35192178,10.0584,2639.31218846053,0.629110039,0.83674667074329,1.98
30004400,59.05582798,3.6576,2803.46873674361,0.580426419,0.609317386717372,0.7834
30007200,154.42008388,4.572,2890.70565553498,0.490607868,0.287966751292623,0.46
30008000,106.83305714,2.1336,2889.82292395192,0.554378735,0.0976268928743004,0.24
30009600,86.67160062,6.4008,2690.94820946752,0.673909562,0.752956295881994,1.145
30013500,98.20515162,15.6972,2804.99969574236,0.427179352,0.93960745281975,3.96
30013600,337.05487568,8.5344,2833.19900223232,0.590943165,0.389402113041306,1.2975
31000300,82.02175848,13.1064,2334.72340999261,0.01379172,0.125390632726095,1.15
31002800,87.45669146,9.4488,2358.17502450713,0.159423889,0.815056775970947,2.145
31005100,146.20495808,7.62,2320.49166984796,0.027995876,0.470482132165351,1.8025
31005800,49.31503596,8.8392,2247.08564685704,0.016647309,1,3.505
31008400,218.1055197,25.908,2236.513649269,0.141566265,0.793817637349697,4.8
31015400,116.69930182,14.9352,2305.28103055805,0.024791635,0.730668155956239,2.9
31015700,139.31720236,4.8768,2349.53908603176,0.012148222,0.332978106388029,1.12776
31015800,131.89121426,13.716,2256.26325210643,0.028394104,0.829654828645328,4.0837
31016000,43.27307398,13.716,2228.22212386779,0.058268591,1,4.8768
31019000,96.62282936,12.8016,2315.29693852649,0.185109489,0.964082387917275,4.075
31019100,56.97169508,12.192,2315.29693852649,0.154536972,0.985921926902562,3.9625
31019300,188.11019338,18.288,2343.32102496974,0.039629637,0.481941505148263,1.83
31019700,98.46819752,4.572,2210.3578806544,0.01559633,1,2.29
31021600,750.37282806,41.148,2228.01372400416,0.120194893,0.526087747566386,5.2
31023100,176.71018876,9.7536,2359.50650686739,0.040349499,0.772174906705848,1.52
31025500,68.6954485,21.336,2271.58102102939,0.046748682,0.817281747015823,3.51
31025900,288.95794458,11.2776,2319.12846645364,0.029896032,0.9270632,3.2
31026000,66.86626778,5.7912,2212.78594932933,0.012698413,1,3.025
31026800,186.30124696,12.192,2224.61177569433,0.031219272,1,5.183333
31028900,35.92802308,8.5344,2241.38122994647,0.052898551,0.88809505,2.4392
31029200,108.35062964,10.3632,2232.75551353367,0.023805668,0.99254205,3.545
31031700,82.07841452,53.9496,2215.13296987183,0.000209996,0.7003228,6.1854
31032000,35.96039796,18.288,2306.58417080733,0.00352216,0.77759535,3.71856
31033400,750.52660874,15.24,2068.87401141654,0.020198273,0.90584005,2.86
31033900,96.55403274,21.336,2250.92176538175,0.024669533,0.8553549,3
31034900,93.30845102,27.432,2235.12899450059,0.036212625,0.7586108,4.42
31035300,551.87434506,10.3632,2419.61843828693,0.030925466,0.3573279,1.37
31037300,52.75891382,18.288,2352.43377482461,0.205248727,0.8672033,5.18
31038400,472.6125451,9.4488,2371.10424476626,0.042533895,0.6046941,1.27635
31039200,898.87640262,35.052,2188.38320981996,0.020009788,0.8371305,5.37
31039500,147.39473492,36.576,2241.058171861,0.048676205,0.5356213,5.7975
31041000,705.5295724,47.8536,2219.77746243777,0.013923248,0.5765946,5.03
31042200,95.17000662,26.8224,2182.88253075005,0.020381694,0.774379,6.4008
31045400,115.46500952,14.3256,2280.32055971487,0.017792022,0.88839575,2.8975
31053000,98.59769704,13.4112,2266.05404218533,0.079352731,0.90990305,2.975
31053300,198.4580144,11.5824,2388.3239725801,0.085227864,0.8825208,2.1336
31053800,563.50906756,10.9728,2295.05814362351,0.007076877,0.9116215,2.82
31054000,107.12443106,31.3944,2267.87209555556,0.016272189,0.693972,4.7775
31054200,102.61218216,20.1168,2235.81166065502,0.014539696,0.9906237,6.71
31055400,489.65791942,32.004,2270.25714319381,0.037298049,0.4175603,4.27
31055500,33.47562592,10.9728,2293.09770704104,0.036698744,1,4.57
31056500,217.47420954,10.0584,2229.06505370657,0.084031936,0.98782,3.425
31056600,60.69075942,17.0688,2229.06505370657,0.094450489,0.84214465,3.5788
31057500,64.952103,18.8976,2314.46102915277,0.111392806,0.7850027,4.11
31057600,1098.16807018,23.1648,2296.73891946924,0.098312413,0.7922288,4.27
31058600,186.8030576,26.8224,2274.17998126581,0.039525692,0.913636,4.88
31062000,99.47991252,46.3296,2211.69434441018,0.043843529,0.9094343,9.905
31062200,42.7348416,9.144,2295.01702332176,0.046617301,0.9441927,2.8699
31062400,211.7924181,11.8872,2272.24064280465,0.063341786,0.9910142,4.11
31065300,336.54497132,27.432,2226.83811253055,0.032947387,0.7424061,4.23
31066500,22.37104208,13.1064,2262.03723892115,0.077021006,0.9312195,3.35
31068700,123.13380922,15.5448,2300.54727076395,0.023038172,0.7121228,3.81
31069600,103.67245948,7.62,2268.85077775263,0.022819286,1,3.2
31071700,344.94220582,20.7264,2339.62361031413,0.099796334,0.9406345,4.15
31071900,1656.8654212,36.8808,2216.18735008539,0.057670766,0.5627356,5.255
31072200,515.49307366,18.5928,2266.3554533013,0.024637102,0.9765269,4.1125
31072500,851.05870486,41.7576,2202.09618123207,0.025339824,0.72765875,4.95
31072600,208.93128808,17.6784,2292.14591408085,0.021747163,0.9168537,3.2375
31074900,85.52633924,28.956,2237.6522579691,0.069976675,0.8716614,7.62
31075800,132.16235388,10.0584,2313.53189863555,0.091787762,0.6270334,2.4
31077100,92.03369012,26.8224,2263.89412813932,0.018346974,0.6316001,4.6
31077300,103.0128213,11.8872,2264.65309501595,0.026119239,0.9105004,3.3528
31077500,96.78470376,13.716,2253.88245323677,0.038949798,0.8543329,4.495
31077900,198.97601248,8.8392,2360.95570996975,0.063004535,0.9576902,2.3
31078400,253.38604518,15.24,2290.9172228456,0.036469647,0.8351659,4.9
31078600,704.17792116,12.8016,2324.69514663522,0.036927851,0.4020409,2.6
31079100,64.90758754,16.764,2303.61444756443,0.008460472,0.8592845,2.74
31079300,114.7487153,28.956,2261.09872907188,0.0031434735,0.73984275,4.085
31081200,1754.42307522,25.908,2283.18708965346,0.030808222,0.447018,3.6
31081300,3855.90081718,9.7536,2290.94702423829,0.039888984,0.4873546,1.5258
31082600,1372.6342091,21.336,2307.06638274901,0.034894619,0.842567,2.9
31084300,228.55046536,15.5448,2301.87190386414,0.035017405,0.863279,2.775
31084500,55.62813756,9.144,2246.78303402984,0.034509804,1,3.2004
31085000,405.34159132,8.5344,2321.78011352919,0.103803151,0.87008395,2.8965
31085300,142.77726766,5.7912,2289.75393964782,0.035747539,0.9766336,2.275
31087400,16.43834532,19.812,2362.02642643386,0.013191688,0.4143708,2.5908
31088200,263.01352512,5.4864,2234.11587669719,0.033088732,1,2.85
31089600,1154.05925364,7.3152,2168.12040747678,0.040438508,0.9167918,1.8288
31089800,166.8520378,15.8496,2228.5350540777,0.056751817,0.6986407,3.51
31090400,106.47693346,9.144,2360.21866923702,0.059620189,0.59906795,1.512
31091000,90.9127099,4.2672,2264.20149564111,0.053444102,1,1.7
31091300,1257.8247909,10.668,2254.04402064612,0.045144213,0.8208921,2.44
31092100,245.76985466,8.8392,2375.32157055708,0.042384252,0.74433275,1.5625
32001700,39.052199,3.048,2685.83144118798,0.602854744,0.64650415,1.08768
32001800,120.24030432,7.9248,2853.71920091007,0.616200867,0.51127865,1.96596
32002000,286.10086142,2.1336,2857.05888225581,0.861286227,0.1464858,0.4572
32002200,175.69847376,2.7432,2924.7850045617,0.61476488,0.07937292,0.5175
32002400,246.453774,2.4384,2840.90100129313,0.644694132,0.7208918,0.685
32006900,376.2972771,2.7432,2896.50861723116,0.764122584,0.111413505,0.3643
33000100,127.28588758,3.9624,2648.68442306428,0.174070306,0.5124586,0.8536
33000900,166.8115692,3.3528,2549.02578812918,0.145039682,1,1.905
33001500,91.61281668,3.3528,2650.08866471282,0.409438763,0.4150927,0.61
33002800,509.59679864,4.572,2680.70110473344,0.215597029,0.3841049,0.91
33003200,72.43474714,14.6304,2779.49065026511,0.530022136,0.5742246,2.135
33003600,203.46802708,2.4384,2658.62991954776,0.272179746,0.63982525,0.64625
33004000,264.45825414,5.1816,2600.51908259241,0.111269446,0.5945411,0.9
34002202,414.18398042,2.7432,2694.31911357397,0.652617144,0.70131175,0.716042
34003300,61.92505172,3.6576,2712.79739011552,0.719826964,0.7070051,0.6965
34004400,650.2899334,8.2296,2690.09069643231,0.754718846,0.3918631,1.6144
34006200,261.88040432,3.9624,2574.73869245974,0.693293363,1,1.37
34006600,133.13360028,14.0208,2587.81808172219,0.409054735,0.84674745,3.48625
34007200,465.95950726,2.37744,2591.20468198235,0.283452001,1,1.1
34007900,2250.30911218,33.528,2626.29973248897,0.592058098,0.5173806,3.30695
34008600,1085.570195,5.4864,2803.93561299067,0.811410725,0.3550839,1.22
34011600,29.6027809,17.3736,2718.68773518042,0.454394693,0.7439244,3.715
34011900,31.96614714,12.4968,2637.93853480493,0.730235784,0.9466625,3.95
34014200,92.32506404,10.3632,2671.13295676112,0.288135594,1,3.66
34015400,407.89920684,12.192,2605.44814413111,0.634773945,0.5748191,1.7
34017100,341.55093714,20.4216,2738.65628179205,0.760041434,0.3586468,1.8
34017200,297.3025699,3.048,2779.76075935164,0.489991115,0.34351,0.4572
34018000,255.8627235,4.2672,2760.10043405143,0.781808104,0.24566395,0.4572
34018100,203.55301114,7.3152,2716.79704774161,0.772738223,0.83243635,0.74766665
34019200,634.49503882,4.8768,2717.58720603708,0.468931569,1,1.99
34019300,70.22111472,9.7536,2717.12250128657,0.282732448,0.9889469,2.9
34020600,297.81247426,7.9248,2694.65003527168,0.184473854,0.8815569,2.7
34021700,285.46145754,12.192,2679.89229364141,0.481836875,0.5794166,2.635
34022400,210.8818746,12.8016,2666.16733997423,0.365183752,0.5591412,1.9425
34024600,273.1832843,4.2672,2776.17765918344,0.499442133,0.2070276,0.5675
34025100,946.47152308,10.0584,2613.57893762093,0.712481002,0.84717175,1.12776
34032100,43.81535322,4.2672,2810.87522694083,0.53929024,0.2202672,0.7
35000300,117.3184714,8.8392,2532.54804142846,0.749878649,0.5784153,1.524
36001100,46.39320304,9.144,2235.11263052292,0.131522596,1,3.6
36001400,48.40449246,15.24,2192.77889898613,0.140264027,0.8017626,2.1336
38004800,107.23369628,11.2776,2085.60306826926,0.009661836,0.9154167,2.9264
38006000,139.819013,14.9352,1995.98372134325,0,1,5.1054
38006800,184.536816,11.8872,2104.39866743342,0.008246548,0.5885136,2.1
38021900,501.35739168,4.8768,2032.99670794899,0.0072505489,0.9809545,1.43256
38025600,24.73036146,6.7056,2050.30916255337,0.009118541,1,3.66262
38029200,39.28287002,6.096,2091.8722637054,0.000726006,0.8231984,1.6764
38039300,164.34703146,12.192,2071.69751406395,0.006442913,0.93671355,3.3014
38040600,119.4228386,10.668,2296.91060775588,0.024401291,0.98083975,3.075
38040900,12.8892491,7.9248,2374.99093964948,0.018442623,1,4.77012
38052900,1883.74453338,45.72,1992.60092136682,0.000856773,0.57714975,5.4394665
38053900,71.05476788,2.1336,1968.94859368593,0,1,1.125
38055400,47.3077934,2.1336,1964.64129612068,0.002020406,1,1.9812
38057300,58.73207918,3.048,1955.00185360863,0.007622159,1,0.9
38065600,537.91267806,2.1336,2131.61817391791,0.004452896,1,0.9
38066400,32.83217518,4.2672,2070.31327114188,0.040274207,1,2.8
38067400,25.292875,2.7432,1987.93272859618,0.019576508,1,2.0514
38068600,110.4185751,3.9624,2188.58036680233,0.0027563066,0.6456956,0.825
38069100,92.54359448,5.7912,2094.66474053913,0.000268793,0.94194245,1.75
38073500,196.86759842,3.3528,2096.82004552024,0.010273086,0.666138,0.9
38074400,96.20195592,6.096,2174.88068967046,0.003811944,1,3.05
38077800,228.23481028,9.144,2217.1683782834,0.002154132,0.5294199,1.68
38077900,522.82193712,17.0688,2217.1683782834,0.004745046,0.401779,1.98
38078200,264.39350438,16.764,2217.1683782834,0.004773547,0.4383054,1.626667
38081000,188.22755232,13.716,2229.45690361455,0.007663699,0.84670455,3.8088
38081100,913.96714356,9.7536,2203.23824646578,0.0067949,0.56401895,1.7125
40000100,168.60028132,7.9248,2925.29150189511,0.690375009,0.2849215,0.66
40000200,360.98395886,3.6576,2921.06869234803,0.750400714,0.8431582,1.05156
40000900,49.01152146,9.144,2953.05568470984,0.560189574,0.4082515,0.91
40001400,104.45350346,3.9624,2863.79006149819,0.727252948,0.84076265,1.4671
40002000,122.09781306,5.7912,2991.26939440308,0.629441625,0.41675495,0.6858
40003100,549.4826508,10.668,2894.55739285646,0.732769467,0.3447212,1.3325
40003200,210.88996832,4.2672,2946.45005495198,0.695529319,0.66042915,0.9775
40003300,108.80387796,20.4216,2862.23620124779,0.773580762,0.460643,1.68
40003900,28.8541118,18.288,2956.35822358564,0.540971168,0.6942145,3.05
40004400,30.71971426,8.2296,3000.80116470816,0.790123458,0.65399235,1.05156
40005100,31.3226964,16.764,2886.72397659319,0.613368984,0.92024175,3.8475
40005700,375.14796886,18.288,2889.86428364639,0.544944123,0.6872055,1.8288
40006300,320.36562504,15.5448,2966.46038783179,0.685852226,0.4824982,1.295
40007900,113.08140898,5.4864,2952.16369670168,0.798263993,0.64007785,1.4382
40009201,277.03589502,11.2776,2796.51151519945,0.650631402,0.3811019,1.22
40009202,177.58026366,7.3152,3017.88969366952,0.650631402,0.3943411,0.7125
40009204,270.09553012,2.4384,2976.10959716239,0.650631402,0.5813456,0.61
40010900,241.07549706,3.3528,2928.93535289782,0.825747805,0.2508987,0.55
40011700,614.90418956,15.5448,2980.2939928101,0.703240389,0.573114,1.2
40012400,121.4058,11.2776,3029.75123125983,0.627670608,0.5311851,0.8
41002101,221.39561688,2.7432,2773.63201423793,0.721418262,0.3004815,0.5175
41004300,1092.43771642,2.7432,2686.06433614931,0.655750684,0.13689795,0.6098
41006700,101.7380604,4.93776,2727.71179919019,0.400628437,1,1.92024
41008900,403.18056808,3.048,2708.14720671384,0.589893026,0.95303525,1.3725
42000200,138.56853326,3.3528,2994.01228645292,0.752875032,0.31937615,0.60206
42001400,153.55000898,2.1336,2911.03504761558,0.552694325,0.2275807,0.4572
42002000,115.8008989,3.3528,2952.24345303346,0.728370529,0.4359519,0.5
42004700,162.41263238,2.4384,2759.16962239066,0.60302634,0.1136786,0.3
42005200,153.42860318,2.40792,2767.54279453185,0.816245628,0.2414573,0.6
42005500,26.61215136,3.3528,2665.64389907368,0.438636363,0.1159893,0.42812
42007000,142.15000436,6.7056,2717.00031348693,0.50966744,0.29608975,1.61729
42009300,60.28202656,2.7432,2793.14943172443,0.743204764,0.104521955,0.45
42009600,68.68735478,2.4384,2854.08124796183,0.772030259,0.5016458,0.439268
43001200,154.7721607,3.6576,2816.96025749472,0.878854281,0.4981365,0.685
43007300,133.35617758,5.4864,2793.87884344427,0.716366296,0.5015299,0.61
43008400,210.61073498,4.63296,2984.62912259654,0.824431739,0.44527265,0.73754
43008500,259.72342794,1.8288,2632.98123983006,0.867298564,0.7537901,0.42672
43010400,56.88671102,11.2776,2852.86013769236,0.677331123,0.4384514,1.06816
43011500,752.7361943,2.4384,2810.00385409411,0.583498205,0.49233205,0.5548
44000100,278.8084197,4.8768,2321.61991540724,0.028565214,1,1.98
44000300,336.72708002,13.1064,2288.89759587997,0.030139204,0.4769615,2.5825
44000600,297.43206942,7.9248,2225.85200497017,0.015906799,1,4
44001400,455.64406112,8.8392,2319.7985043438,0.026337448,0.99731045,2.8189
44002300,390.91048856,4.8768,2314.10672573942,0.021719239,1,2.57
44003800,249.31490402,13.1064,2374.17077183755,0.173255814,0.51208675,1.56
44004500,255.963895,8.8392,2345.88526558106,0.01725177,0.99494115,3.2
44008000,109.18023594,13.1064,2371.39127400666,0.02523427,0.92444905,3.425
45011900,17.2800922,7.0104,2564.52376605746,0.580081266,0.6030906,0.925
46001200,75.12186218,1.8288,2719.88790991632,0.536698668,0.452702,0.4572
46002000,102.13465268,6.7056,2986.82952294835,0.488939493,0.2662067,0.91
46002400,33.65773462,3.3528,3000.83361492953,0.848776223,0.4032931,0.61
46002500,55.9276052,5.7912,2980.74841770245,0.875521442,0.40128255,0.8775
46003000,92.23198626,7.0104,2979.61342858855,0.782388974,0.3331122,1.22
46003100,221.7881623,8.2296,2983.50469550365,0.830681983,0.6085692,0.91
46003400,73.68927374,5.7912,3048.98808238724,0.554586563,0.09150002,0.6
46009600,108.18875524,2.1336,2925.63381270381,0.623505976,0.10646735,0.3024
46010900,384.86447972,6.096,2912.1182166583,0.655467285,0.275548,0.91
46012100,286.06039282,2.1336,2940.94053011333,0.868842334,0.3209996,0.3
46013300,179.88697386,5.4864,2936.38442765284,0.439273991,0.1920934,0.475
47000200,414.81933744,5.1816,2821.65051027823,0.352309044,0.907496,1.8441665
47001500,430.6061383,4.572,2861.3009526926,0.712320745,1,1.4
47002300,55.7859651,2.7432,2878.11729435783,0.665883491,0.9564711,0.8
47002500,20.83323528,9.4488,2855.1943910992,0.653378379,0.4330627,1.5
47002600,67.95487312,8.5344,2829.5496518542,0.614285714,0.8393715,2.135
47003200,82.07841452,9.144,2889.75271980909,0.686035061,0.4322199,0.91
47003800,276.7445211,9.7536,2830.0553953035,0.754146846,0.4302604,0.9325
47004200,62.18405076,8.8392,2862.86995871117,0.813309934,0.4078689,1.13146
47004600,984.9652554,5.1816,2820.55675863476,0.648745166,0.54737095,1.04875
47004901,352.3398659,7.62,3373.56581863676,0.572982426,0.28729995,1.164
47005000,117.3184714,15.5448,2769.16486976046,0.734233154,0.4190874,2
47006100,77.58235306,5.1816,2881.18401310681,0.689099335,0.4662072,0.7985
47006200,96.47309554,5.4864,2896.49047914146,0.702419418,0.3539314,0.7
47006400,76.7082313,10.3632,2809.3397475879,0.566616766,0.7412692,1.9
47006800,241.34663668,22.86,2761.07639072016,0.729115539,0.5143997,1.755
47008200,61.46775654,6.096,2901.87897073072,0.82110728,0.2371069,0.7075
47008800,48.30736782,14.3256,2845.50190597686,0.855318222,0.24518435,0.905
47009500,214.10722202,5.4864,2806.26578335768,0.780040179,0.2925953,0.535
47009600,15.12311582,12.8016,2681.52188280982,0.605802049,0.79292445,2.59
47011900,240.2013753,14.9352,2753.95783955513,0.514151485,0.53902705,3.6575
47012900,225.28464934,4.572,2842.58497661119,0.484865725,0.2446099,0.46
47013402,248.60265666,5.4864,2793.19888587462,0.669085436,0.7539144,1.54
47015900,91.3578645,2.4384,2690.28777656456,0.769040903,1,1.2
47017700,318.5081163,3.3528,2829.64058349589,0.740615087,0.1066791,0.23
48001200,251.64184852,4.572,2525.70115889661,0.09677146,1,1.612
49000500,56.84219556,19.2024,2553.20165603434,0.129643669,0.7550706,4.2574
49001500,51.09970122,10.668,2478.71874029228,0.333435582,0.79392105,2.515
49001600,446.5305324,17.3736,2521.20764587618,0.23354591,0.6740821,2.7
49001900,52.406837,8.8392,2540.15814655882,0.229967609,0.6198623,2.1168
49002400,76.57063806,10.3632,2617.30635166,0.838797377,0.6812467,2.74
49003500,72.73826164,6.7056,2617.48232421191,0.351197172,0.97310115,2.3975
49005600,51.42749688,6.096,2510.14244732456,0.121386472,1,3.5075
49007900,1096.20129622,19.5072,2483.17631798263,0.083671058,0.8072836,4.57
49008000,217.50253756,7.62,2502.74867404788,0.405861078,0.70075955,1.562
49008100,71.90460848,17.9832,2485.30704242804,0.624236501,0.927893,5.33
49012700,580.32781772,15.8496,2462.46298624005,0.19223413,0.9602356,4.3425
49013100,40.26221014,5.4864,2553.78841705917,0.080338266,1,2.75844
49013300,74.08181916,6.7056,2482.85683900183,0.092707745,1,2.9
49013700,470.97761366,12.8016,2535.96658343297,0.073794192,0.8409141,3.5
49014000,95.36020904,26.8224,2539.89101426024,0.456040222,0.4916384,4
50000200,16.19148686,3.048,2975.61975096708,0.925792709,0.3455651,0.5723
50000300,7.39766008,5.1816,2811.88640120705,0.923853082,0.7420279,1.18872
51001800,51.3546534,2.5908,2838.67965228438,0.483333333,0.12841995,0.3762
51002400,131.94382344,2.1336,2837.87779733625,0.881473305,0.2601982,0.3
51004000,110.94062004,2.7432,2774.40872703868,0.44963688,0.3719585,0.61
51004300,74.1789438,2.5908,2869.88128367239,0.452091768,0.13267122,0.28288
51004600,1401.11196292,3.048,2774.40872703868,0.8118646,0.2222739,0.39
51006300,489.36249864,3.3528,2838.08526250734,0.809127764,0.1164914,0.5124
51006800,31.10416596,2.1336,2720.22922761508,0.661227662,0.5535061,0.61
51008200,164.19729764,2.8956,2779.241477213,0.481665129,0.09056551,0.365
53000700,79.80812606,1.8288,2687.21923003315,0.904097771,0.3405943,0.43956
53001600,38.01620284,2.1336,2974.1660849369,0.506127451,0.3139177,0.57912
53002100,210.14939294,2.4384,2729.61252170166,0.872916029,0.04967024,0.45
53002800,314.0565703,4.8768,2862.94664738052,0.862320431,0.1036573,0.455
56003100,104.02858316,6.096,2573.78682866651,0.757726885,0.99156325,2.1
56006600,198.02904724,5.1816,2488.42678744885,0.606884058,0.9740946,1.74
56011400,283.2802,16.764,2508.43542232962,0.527918087,0.57252815,2.625
56011601,163.54980004,13.1064,2489.54706473401,0.537968172,0.6732461,3
56011602,171.20645916,14.3256,2567.63959798631,0.537968172,0.2996188,1.79
56013000,1912.40034904,23.1648,2486.57787713644,0.279693899,0.5196791,1.805
56013800,803.33813174,26.5176,2499.19734600069,0.523060373,0.6988132,3.63804
56014100,2118.02939936,20.7264,2504.94449843761,0.32779634,0.6802885,1.83
56014200,841.85614522,19.2024,2476.65800379889,0.221269263,0.4456321,2.29
56016000,288.90128854,10.0584,2592.16800695817,0.382548921,0.9963652,3.1
56020000,66.975533,13.1064,2526.0730027109,0.525758305,0.94333265,4.1348
56021200,68.54571468,7.9248,2498.81580581293,0.46884619,1,3.05
56023800,1027.70819072,21.0312,2536.58231488474,0.463033047,0.7113586,4.16
56023900,2252.25160498,32.9184,2484.76852631651,0.528176885,0.7028146,4.0275
56024000,524.44068112,19.5072,2457.86908998376,0.511779,0.957058,3.42
56024100,143.4207184,15.5448,2454.1392780168,0.154330709,0.9911655,4.57
56025300,367.1918421,14.0208,2568.30248384787,0.481171803,1,5.8275
56029800,180.92297002,7.9248,2452.67700288552,0.361345817,1,3.375
56030600,76.22665496,14.0208,2505.91324589113,0.379282655,1,5.5
56031000,234.10680414,8.8392,2531.07658534467,0.335730184,0.778849,2.055
56032800,530.89946968,33.2232,2466.39462882533,0.368736004,0.6738768,6.4
56035800,102.94402468,27.432,2434.15380731298,0.227788331,0.7928119,6.1
56036000,485.81340242,41.7576,2417.56700103086,0.264961236,0.5506369,3.505
56036900,79.53293958,42.672,2417.34604822022,0.373491511,0.8118821,5.9
56037700,338.54816702,10.668,2494.28707765116,0.419137337,1,5.24256
56037900,717.57302776,5.7912,2525.3851821517,0.455380531,0.98142585,1.63392
56038300,3049.23211966,19.812,2485.46057803096,0.323164345,0.9456607,2.47875
56038500,1802.46739714,28.6512,2503.52141380921,0.308592754,0.7564922,3.8858335
56038601,401.3271062,14.0208,2499.10698165084,0.372724573,0.9966924,4.5725
56038602,241.54088596,18.8976,2509.15314498321,0.372724573,0.8543223,5.03
56038603,227.04098658,10.0584,2509.72136252421,0.372724573,1,4.11
56038700,275.84611818,22.5552,2374.18884695105,0.401638416,0.7818834,5.05
56038802,521.55122308,39.0144,2455.57467019099,0.39723715,0.5425064,3.0475
56040800,148.46715282,15.8496,2622.63999841986,0.764081222,0.4992511,1.55448
56043700,549.08605852,28.956,2538.9444643303,0.539388229,0.6095451,2.81
56047500,343.4570082,23.7744,2557.77176158275,0.469710623,0.51565715,3.7483335
56053200,251.23311566,23.1648,2409.36470799621,0.23492467,0.8554598,3.48996
56055900,160.73723234,8.8392,2659.45123334958,0.674344123,0.62842435,2.295
56061300,577.72568674,15.5448,2576.18913130002,0.537497119,0.5543037,1.98
56072700,24.01406724,13.716,2604.37759468517,0.18251928,1,6.30936
56074701,2231.26458902,17.6784,2664.77851769664,0.319672064,0.876352,3.51
56074702,313.78138382,14.6304,2559.30215315659,0.319672064,0.60639995,2.3375
56074900,571.5380378,16.764,2352.04320118383,0.215422722,0.7319968,3.075
56075900,440.21338394,14.6304,2477.97837126301,0.228268797,0.8312727,2.9
56076001,768.98838406,20.1168,2533.00324048239,0.380693588,0.8915511,4
56078100,298.60565882,13.4112,2705.37518217147,0.576281713,0.7364996,3.5
56078400,310.32941224,22.2504,2555.87206827642,0.396078357,0.5132988,2.7
56078600,1603.72205568,16.764,2563.84096224967,0.395701561,0.6924333,3.96
56087700,295.91854378,22.86,2596.4522221989,0.412679266,0.73658595,3.605
56091500,405.76246476,6.7056,2492.25685790541,0.385651815,1,2.74
56095001,84.73315468,18.5928,2642.217948697,0.502745443,0.75353245,2.36
58000700,32.09969352,3.3528,2663.95048781214,0.009487666,0.9164121,1.26
58002400,28.5708316,14.3256,2599.66476732504,0.011965812,0.9678319,4.14
58003100,22.84857156,3.048,2353.50133047262,0.032860344,1,1.633728
58003800,55.75763708,4.572,2551.72511621626,0.017721603,0.6550285,0.8
58004800,185.64565564,6.096,2483.69962369112,0.221961351,0.7651982,1.295
58006200,216.98858634,12.8016,2513.93521228342,0.280931105,0.72276755,2.15125
58006700,690.35789426,12.192,2414.95522743594,0.14640558,0.9970216,4.31
58008100,213.36259978,14.3256,2443.96447586298,0.275301126,0.75771485,3.2
58011900,374.45190894,9.144,2655.79688005432,0.315181439,0.24922085,1.035
58012300,215.66121626,46.6344,2526.56279444722,0.285126485,0.2328851,3.70125
58012800,13.30202882,3.6576,2415.63491985367,0.124631992,1,2.7
58013700,92.46265728,7.3152,2564.65603101821,0.152408638,1,2.29
58013800,161.4494797,7.62,2633.38487411052,0.201841164,0.4883297,1.755
58014200,601.48075494,7.62,2664.80839315279,0.36793785,0.2716825,0.9051567
60001500,97.28246754,5.4864,2422.40417557101,0.306897835,0.6994778,1.3475
60013000,20.18573768,5.7912,2446.35627351994,0.73730202,0.35327785,1.265
60014200,41.30630002,18.288,2356.10696906852,0.634165358,0.6326051,1.155
60020200,148.08674798,8.2296,2466.02334034463,0.635668476,1,2.9375
60021400,103.46606962,5.7912,2297.46265531857,0.711038785,1,2.56492
60021700,359.14263756,25.2984,2463.29724732355,0.502537068,0.744888,2.9
60030500,637.62730846,4.2672,2518.67871653852,0.587266779,0.4642978,1.05
61002300,139.4345613,9.4488,2638.90677732459,0.748424069,0.6799283,1.83
61003700,70.78767512,15.24,2689.72512650811,0.350474289,0.6204277,3.66
61004100,168.19964218,14.9352,2609.86163487988,0.630332373,0.7186789,2.59
61004300,131.04946738,5.1816,2759.50954032943,0.160476846,0.84963735,0.855
61006400,378.1385984,21.0312,2532.76861512399,0.820460837,0.61235325,3.2375
61006600,114.11740514,10.0584,2654.01221790698,0.842876602,0.4401725,1.295
61006700,220.30701154,4.8768,2566.62960321725,0.790794073,0.6980228,1.4825
61007200,135.95830856,7.3152,2734.65186040881,0.779360709,0.5713472,1.22
61007800,1535.2572782,7.0104,2614.10139418407,0.531111221,0.78434365,2.115
61011100,210.1332055,10.3632,2631.52542794139,0.651341752,0.7579399,1.37
61012200,149.64074222,4.2672,2695.91634281354,0.797392133,1,2.055
61013000,3257.83156522,9.7536,2651.46454548829,0.694234587,0.84970925,2.712
61016200,80.36254588,3.048,2733.49497325692,0.904817508,0.1207476,0.46
61018000,935.2495803,1.2192,2717.40545496445,0.735026913,1,0.4975
62000100,30.28265338,5.4864,2761.05837473093,0.558124599,1,2.2
62000200,423.55650818,10.9728,2895.93226720019,0.43148272,0.44376535,1.2416665
62000600,34.03813946,2.7432,2910.6631711385,0.86863535,0.9312503,0.91
62000700,95.10525686,12.4968,2837.87308634513,0.658046077,0.3924547,1.6
62001002,29.67157752,2.4384,2958.88887717057,0.665516691,1,1.05
62001100,8.68456156,2.4384,3017.24127754367,0.873333334,1,1.1
62001300,80.00237534,27.7368,2842.12754763956,0.678819806,0.5086698,2.325
62001600,33.52014138,3.3528,2959.71518241256,0.724058602,1,1.6
62003801,159.00922312,17.6784,2835.35979035435,0.517675467,0.44321845,2.4692
62003802,85.63965132,2.7432,2958.48736449347,0.517675467,0.20207815,0.43
62004600,245.73747978,17.6784,2828.50938772199,0.411915976,0.634879,2.44
62004700,28.0447398,5.7912,2638.92585902914,0.651235779,0.9924848,1.825
62005400,29.6432495,17.3736,2911.2859842954,0.767867576,0.4586633,2.4
62005500,27.7007567,4.7244,2936.08193615727,0.920375564,0.761823,1.2
62005600,151.74106256,11.2776,2807.54681355622,0.724349044,0.76734615,1.7575
62005700,47.01237262,13.4112,2766.96786901241,0.700558117,0.7955484,2.135
62006100,182.11679372,8.5344,2784.74579901808,0.285794655,0.8326968,2.3525
62006700,69.86094418,9.144,2875.45765119108,0.556676017,0.6466468,1.7526
62007300,59.80449708,9.144,2822.87974046843,0.677426688,0.9918408,3
62007800,85.75701026,13.1064,2870.93909363147,0.79721381,0.4867102,1.9
62008200,17.32865452,20.1168,2701.98391581993,0.724900277,0.661129,2.9
62008300,28.66795624,14.3256,2921.62156974975,0.719063545,0.8032818,0.905
64015000,9.00021664,6.4008,2898.03558849575,0.931944137,0.4622586,0.71
65000200,265.05314256,3.3528,2919.469468847,0.822099501,0.9978529,1.2475
65000600,206.03778318,3.6576,2907.17476561902,0.841669881,0.4435416,0.905
66000800,644.7659695,4.572,2827.29777099896,0.762410531,0.28563745,0.74625
66001000,274.15857756,1.2192,2659.05530970111,0.755126086,0.8232577,0.5725
66001400,51.8605109,18.288,2835.27844166544,0.339198436,0.6632338,2
66001800,255.87891094,13.1064,2834.401639745,0.593992473,0.53016325,1.175
66002700,338.95689988,4.2672,2733.43522659005,0.679459881,0.674707,0.78125
66002900,126.1406262,14.3256,2774.49069321747,0.671681686,0.4058685,1.15
66003200,160.55512364,3.048,2847.45621881594,0.750986383,0.1238045,0.46
66003800,354.42804566,17.0688,2878.03632802401,0.486589643,0.2402895,1.03
66003900,272.24441278,15.24,2870.17588991972,0.52315609,0.2349478,0.9
66004700,71.37042296,8.2296,2876.41904038664,0.548165925,0.3126699,0.76
66005200,358.35754672,12.8016,2813.13615741734,0.516781371,0.5391883,0.81625
66005500,380.60313614,12.8016,2822.20744738191,0.583461799,0.53598995,1.15
68000400,73.46264958,8.5344,1930.56869975056,0.012090451,0.8849753,2.193
69000100,182.13702802,4.2672,2068.68002195519,0,1,1.524
69000300,2862.6880611,7.62,2202.71797611691,0.0037946013,0.3699592,1.3
69000400,1313.64313088,14.3256,2217.1683782834,0.004779086,0.4121581,1.525
69001600,10.82939736,4.8768,2346.64661010972,0.003118503,0.915396,1.4
69002800,73.93208534,5.1816,2234.23007468128,0,1,3.3
69003000,49.80470602,8.8392,2204.08468079557,0.04917127,1,2.895
69004100,162.92253674,6.4008,2208.50239150956,0.028644314,1,3.025
69006900,948.786327,14.6304,2225.66604830804,0.024004282,0.8262428,3.0475
69007100,110.70994902,20.1168,2218.47137446896,0,0.7243032,3.9624
69011400,118.79152844,5.4864,2109.05780022417,0.011177988,1,3.735
69011500,956.05853442,18.8976,2196.40803665117,0.005275086,0.51604225,2.4192
69011700,183.92169328,5.4864,2225.23563359695,0.019792778,0.8956965,1.2847
69011800,2959.82079482,38.4048,2114.98597495413,0.0047736747,0.63390495,6.135
69014600,27.64814752,11.5824,2179.32811976375,0,0.7799214,2.4384
69017400,48.8456002,6.7056,2227.24503900853,0.011486762,0.6742333,1.8288
69019000,770.51000342,6.7056,2171.52064427595,0.000857202,0.9999445,2.44
69024900,209.51403592,9.144,2248.11926086852,0.01041071,0.4681907,0.9
69025400,267.79691364,14.0208,2146.60706955221,0.002988544,0.9611642,3.7
69027800,154.72764524,10.3632,2165.74520853733,0.021393713,1,6.0075
69028501,130.95234274,23.1648,2149.82323225743,0.004201167,0.9697739,6.02
69028502,156.9776994,11.8872,2149.82323225743,0.004201167,1,4.6075
69028503,415.86747418,14.9352,2100.43080091159,0.004201167,0.9106152,4.081
69037100,960.0973007,3.3528,2340.50564263746,0.076017649,1,1.1
69037300,1319.13876676,5.4864,2292.38811820464,0.007391622,1,1.7458335
69037500,1848.39116442,10.668,2252.67390296597,0.006562233,0.50295755,1.2225
69037600,490.5806035,22.2504,2162.97446674832,0.131975264,0.8355095,3.7562
69039400,45.15081702,4.572,2334.22837743312,0.042211903,1,2.7
69039700,6.06624314,7.62,2346.40439084655,0.202380952,0.9822306,2.7
69041201,108.07949002,8.5344,2240.57426094026,0.010367203,0.63187365,2.0775
69041202,64.6283542,9.144,2238.84452122758,0.010367203,0.5469258,1.2096
69042000,47.77722916,14.6304,2266.14624746484,0.107235339,0.4356986,1.6764
69042600,109.8520147,25.908,2189.07795087968,0.20584498,0.8337946,5.9966665
69043401,127.0309354,12.192,2209.02975812292,0.037900071,0.2572187,1.1
69043402,112.48652056,15.8496,2209.02975812292,0.037567703,0.2744019,1.83
69048900,217.95173902,6.4008,2326.28366690432,0.035292921,0.9858365,2.1334665
69049000,197.59198636,18.288,2299.55580894127,0.110563334,0.8028812,4.57
69049300,80.6741541,15.5448,2238.93679817829,0.027247957,0.8666458,3.5052
69049400,64.96019672,2.7432,2154.1481917751,0.185486904,1,1.58496
69049500,151.44968864,4.2672,2244.68672984379,0.047825026,0.698593,0.7
69049600,187.21179046,5.7912,2194.31777572,0.040917438,0.67485425,1.3596
69050600,26.44218324,2.4384,2245.41537723562,0.094899665,0.9347654,0.70104
69051100,671.20005902,7.3152,2214.71198647744,0.071341065,0.9998974,2.6
69052100,106.33529336,10.668,2317.44387365485,0.016917039,0.8334571,3
69052900,133.63136406,4.8768,2343.49109420603,0.012806831,0.7531127,1.07
69054400,81.56041644,7.62,2365.02230171588,0.016099041,0.47231655,1.35636
69054500,68.0681852,8.2296,2310.32426063776,0.015792721,0.7425975,2.13
69054600,85.70844794,7.3152,2269.42641783421,0.014103426,1,2.29
69055000,55.10609262,8.2296,2159.91951756445,0.036547163,0.9584395,2.4384
69055300,59.39171736,10.668,2217.7677054036,0.09848656,0.9420745,3.6812
69055600,50.20939202,13.4112,2225.73150346419,0.116204691,0.9552172,4.285
69061500,462.05833422,3.048,2331.85239135537,0.009594646,0.6466534,1
69061600,1181.93807218,24.384,2296.37001365739,0.015305174,0.3348415,1.65
69062700,169.42988762,9.4488,2254.47912567992,0.019257103,0.91639845,1.87512
69064200,150.91954998,3.9624,2127.75348656179,0.024775322,1,2.49936
69064600,143.32359376,7.3152,2270.40637186529,0.035603471,0.73556375,1.85868
69065500,135.41602932,10.0584,2241.60243920853,0.06254988,0.9822516,3.3528
69066000,292.62439974,21.336,2156.95902192067,0.120338141,0.911423,4.875
69066200,18.46582218,8.8392,2155.64674892746,0.113252665,0.9602213,2.7416
69066300,12.949952,13.4112,2139.80959427975,0.083368446,0.91156245,4.0775
69067100,23.43941312,7.9248,2246.61432638114,0.003872217,1,3.7338
69069600,48.77680358,5.4864,2423.70887156325,0.035933207,0.929425,2.024
69070000,40.2864913,15.5448,2282.07179654097,0.057149137,0.7586775,2.59
69070100,59.2257961,11.2776,2290.55296100587,0.044586895,0.8225784,2.515
69071700,68.4324026,6.7056,2314.42908853847,0.204580152,0.2481587,0.76
69072500,51.70268336,4.2672,2282.25386988,0.22531754,1,1.524
69073200,38.29948304,4.2672,2292.33982375534,0.027254576,0.9853587,1.4
69073600,311.45039246,4.572,2165.94253814938,0.01465962,1,2.675
69074200,157.54021294,3.048,2230.60939455602,0.000137071,1,1.6
69074400,685.98728546,18.288,2145.587470627,0.005134807,0.407686,1.61544
69074800,176.9084849,15.24,2219.61052539937,0,0.645466,2.5146
69074900,354.67895098,6.096,2220.15283433132,0.02833638,0.9982631,2
69075500,74.02920998,3.9624,2192.28300367588,0.002066543,1,2.7432
69077500,70.0916152,6.4008,2365.46208165835,0.076096774,0.9400866,1.524
69079000,93.12229546,9.4488,2290.78558635704,0.010686018,0.8527847,2.3
69081000,294.63568916,9.144,2188.77070360695,0.004858609,0.6539532,2.13
69084100,4672.6259618,11.5824,2172.04268313178,0.019455666,0.9725434,2.21
69084200,505.81298454,9.144,2204.72867370338,0.001066334,0.7447306,2.665
69084800,321.45423038,14.3256,2449.41793449511,0.060650243,0.2947481,1.52
69085600,58.8413444,4.1148,2304.38578711952,0.073903345,1,1.65
69085900,102.9116498,10.9728,2301.14207918045,0.068059734,0.6504567,2.07264
69086400,279.07955932,7.62,2249.91628192668,0.008101548,0.6165179,2.365
69087200,37.99596854,14.9352,2327.5581520067,0,0.7947117,3.9
69088900,89.88480746,19.812,2360.07292023292,0.011454507,0.8885288,4.35864
69093200,139.05415646,9.144,2222.60447718118,0.012009088,1,3.68
69093901,641.41516942,24.384,2229.52815243121,0.006229605,0.6630277,4.025
69093903,46.60363976,10.668,2229.52815243121,0.006229605,0.3440568,1.37
69099400,391.14115958,8.2296,2265.45515471225,0.062529759,0.9263303,2.3
70001000,18.3120415,4.572,2748.85618261213,0.157955866,1,3.025
70002200,60.20918308,2.7432,2890.61732229212,0.599811837,1,1.0425
70002600,386.94456576,18.288,2927.70124114714,0.682368825,0.7964124,2.27
70005000,68.50119922,4.2672,2981.33272796601,0.451303681,0.4819176,0.8
70005400,239.5134091,11.2776,2966.87269569822,0.740667208,0.2782069,1
70006900,69.9904437,8.5344,2960.48609218741,0.603426396,0.3118901,1.22
70007200,156.31401436,15.24,2854.95637995737,0.708946017,0.6497299,0.86
70009100,321.09001298,3.9624,2915.86442531843,0.482913584,0.6267741,0.8
70009500,121.61623672,6.7056,2865.2371718202,0.396992482,0.6135118,0.9
70011300,6.677319,5.4864,2940.07134685935,0.758364312,1,1
70012001,47.96338472,3.6576,2966.05395453294,0.560859188,0.591627,0.65
71001600,199.4697294,2.4384,2878.82177020418,0.485208118,0.4809459,0.6
71004000,25.95656004,12.4968,2647.52799741766,0.292440318,0.9868404,4.42
71005500,146.45991026,4.572,2839.73717783324,0.60514331,0.39344065,0.7475
71005700,64.25199622,5.4864,2830.28995102095,0.170255384,0.68633275,1.54
71006700,187.25630592,5.4864,2808.47801110086,0.317680278,0.3691724,0.85
71006900,73.9968351,7.9248,2579.22516514135,0.377439417,0.9921375,2.78
71008100,68.594277,10.0584,2678.2455382482,0.677793586,0.95226475,2.935
71008200,102.65265076,14.6304,2678.2455382482,0.697183099,0.8414971,3.275
71014100,144.42838654,2.7432,2791.87133797778,0.769145178,0.2694776,0.5
71014500,62.51589328,4.572,2784.32432164972,0.487350506,0.3505295,0.76
71014600,163.63883096,7.62,2712.63060437752,0.49958169,0.3629146,0.91
71014700,65.11802426,3.3528,2712.63060437752,0.503244254,0.4557159,0.6
72001300,259.69509992,2.4384,3004.89607288166,0.761846618,0.6141759,0.6
73000400,27.74931902,11.5824,2682.31586253696,0.626088552,1,4.15
73000600,31.19319688,10.668,2682.31586253696,0.6255449,1,4.11
73001100,15.14739698,11.5824,2751.89534748317,0.558375491,0.7549444,2.13
73001400,59.00726566,10.9728,2844.69909939347,0.74265272,0.7300553,1.067
73001500,37.1299405,15.5448,2777.51013076668,0.667494893,0.5107023,2.9
73002300,45.28841026,8.2296,2711.44598147713,0.812765055,1,4
73003700,304.86615124,5.1816,2748.93542599342,0.698905807,0.561395,1.31
73003800,72.80705826,10.9728,2672.89814664723,0.780372043,0.9559705,3.4
73005100,88.08800162,10.0584,2694.2431575452,0.61035275,1,3.525
73005500,263.26038358,10.3632,2764.49982223628,0.514340102,0.4308681,2.29
73007600,75.68842258,7.3152,2614.21184447972,0.634418423,0.7357471,1.465
73008200,24.12333246,15.8496,2700.03183467088,0.653271841,0.43752315,1.52
73008300,79.2779874,4.93776,2700.03183467088,0.819791493,0.3344213,0.61
73008600,87.3919417,6.096,2700.03183467088,0.818909685,0.2385311,0.61
73008700,38.47754488,12.192,2700.03183467088,0.819608533,0.2726609,0.61
73008800,44.09458656,10.9728,2700.03183467088,0.749486184,0.4256554,0.91
73008900,51.84432346,7.0104,2700.03183467088,0.823667625,0.33684715,0.6048
73009700,41.31034688,20.1168,2507.06364318999,0.168840083,0.9702452,4.965
73010200,99.37469416,37.4904,2630.29919969289,0.256553502,0.5253395,5.03
73010400,47.04879436,12.4968,2503.16104043503,0.26335175,0.9970851,4.42
73010600,225.53555466,21.336,2637.91123657773,0.34781156,0.7014259,4.58625
73011700,166.4878204,11.5824,2685.5288419447,0.502442827,0.6866996,2.74
73011800,117.78790716,14.0208,2549.46110900304,0.667849223,0.8916289,3.7
73012200,16.22386174,12.192,2607.59430368988,0.531453362,0.9806917,4.27
73012300,72.47116888,8.382,2696.16216251081,0.516351041,0.9980891,2.74
73012800,94.48608728,24.6888,2682.47776243516,0.518512829,0.4830926,3.0875
73013600,43.6858537,24.0792,2615.45969355174,0.658059061,0.3735921,2
73013800,242.82374058,19.2024,2656.6721852798,0.815598457,0.3463535,1.45
73013900,197.13064432,10.668,2777.38353531024,0.874045447,0.5814986,1.07
73014700,126.35510978,12.4968,2736.7761339379,0.897656256,0.377028,1.5
73015000,112.59578578,23.4696,2663.0754142111,0.912545481,0.40640835,1.2725
73015100,65.00875904,6.096,2740.91207665329,0.925233019,0.5431537,1.1475
73015600,89.58938668,6.096,2700.03183467088,0.848567432,0.9756032,1.8
73015700,253.8392935,17.3736,2700.03183467088,0.826032641,0.4227343,0.91
73015900,185.21264162,12.8016,2763.52761743984,0.73739349,0.6421375,2.13
73017200,49.10055238,12.192,2687.52832989093,0.538656906,0.5831275,2.7454
73018300,50.73548382,32.6136,2647.78503278563,0.772932671,0.33361045,2.5154
73019600,610.82495468,12.4968,2762.28946382782,0.854856922,0.47713005,1.2
73019900,84.69673294,3.6576,2730.37810127291,0.556593201,0.3996869,0.685
73020002,1201.22136008,40.2336,2686.77826576277,0.827838459,0.4194616,1.905
73022600,38.24687386,10.9728,2426.85892104348,0.615943081,0.91828665,2.9538
73023100,37.35656466,19.812,2618.5355417879,0.835917445,0.5890398,2.515
73023300,82.49928796,13.4112,2658.10497869467,0.783801653,0.355919,2.285
73024900,34.4994815,17.0688,2638.55954485713,0.666038447,0.4119296,2.6825
74001900,13.95357328,4.2672,2790.03338082005,0.724637681,1,2.59
74002300,39.6389937,8.2296,2842.54020522153,0.517621146,0.3989448,1.35
75001900,151.93126498,5.1816,2795.07794964352,0.626244666,0.1648229,1.07
75002400,250.83652338,2.8956,2676.26949306245,0.694345825,0.7466313,0.875
75007500,208.86653832,3.9624,2765.37563221293,0.637285002,0.3419691,0.61
75020000,185.80348318,2.7432,2720.79635243619,0.733859992,0.33179225,0.55
76003300,84.17064114,6.4008,2662.29632402721,0.617875648,0.70504785,1.22592
76007200,93.24370126,7.9248,2645.40507598299,0.581936015,0.6070356,1.88154
77000700,109.07501758,17.3736,2553.11305494513,0.183449204,0.9365767,5.03
77001000,38.1821241,14.3256,2541.69193469493,0.611685626,0.98425825,4.96162
77001900,50.2620012,17.6784,2641.05112989072,0.695868946,0.5442368,2.0375
77002300,358.92815398,13.716,2487.86163042112,0.744109791,0.52889695,2.14
77002400,49.6347379,24.9936,2587.31142906361,0.616932685,0.3905989,3.73
77002500,21.6304667,10.3632,2594.07336596486,0.825127335,0.7674861,3.2
77002600,52.3461341,7.9248,2632.92862023744,0.793126534,0.3839429,1.5
77002700,160.52679562,19.2024,2554.12631180427,0.670535306,0.3914725,3.35
77003200,70.37894226,18.8976,2638.85979381605,0.703392922,0.8412222,3.9325
77003400,66.20258274,20.4216,2519.0807446747,0.656447735,0.5745283,3.6576
77003500,96.44476752,8.2296,2515.16562071797,0.165548099,0.8677653,2.7432
77004600,69.19725914,7.62,2507.83255799659,0.095490717,1,3.0099
77005000,67.39640644,5.4864,2536.91017080124,0.077981652,0.7828684,1.6764
77006300,118.77938786,6.4008,2540.58731430978,0.151808873,0.9446008,1.9812
77006600,87.15317696,5.1816,2582.73470138026,0.133234201,1,1.524
77006700,95.23070952,7.9248,2517.08218976972,0.232596685,1,3.43
77007600,50.56956256,6.4008,2419.99307690073,0.140876946,1,3.6
77008400,854.64422282,24.6888,2569.8617799331,0.505256953,0.3336385,1.92024
77008800,46.85454508,11.8872,2546.48274250551,0.23416339,0.5997086,2.75
77008900,339.70961584,27.1272,2578.6223838446,0.670001049,0.3962778,2.5325
77010500,82.01366476,9.2964,2616.37330445879,0.784051677,0.2211633,1.07
77012000,61.39895992,25.6032,2542.14024378199,0.7832194,0.5002501,4.13766
77012800,48.95891228,7.3152,2481.65539246666,0.789715886,1,3
77013800,33.82365588,10.3632,2469.16814371552,0.388868854,0.8905342,3.3528
77014900,83.01728604,10.9728,2556.11387491611,0.298143126,1,4.58724
77016000,56.11780762,8.5344,2517.4463152553,0.480331263,1,5.45652
77018100,157.1395738,7.0104,2520.40390948813,0.632823317,0.4268017,1.5
77021500,2585.6804941,22.2504,2502.88101230708,0.732556801,0.5623102,1.84
78002500,4390.1551338,3.6576,2872.28317757193,0.889222394,0.45276505,0.905
80003000,101.94445026,7.9248,2342.14937720666,0.251370193,0.7413962,1.98
80003400,215.51148244,4.572,2503.70069534466,0.269970506,0.560442,0.79
80003900,46.0937354,13.716,2514.65475038033,0.407941082,0.84366595,3.77
81000300,36.9073632,10.0584,2889.08093814201,0.63971032,0.518126,1.5
81001401,262.54813622,10.3632,2893.45467564162,0.655294799,0.2964463,0.825
81001500,50.56146884,2.7432,2988.47414482891,0.522231205,0.2104462,0.38
81005500,78.19342892,17.6784,2879.11363119657,0.448780487,0.5986177,1.6775
82002300,17.2396236,15.5448,2935.33368179493,0.613555291,0.5951925,1.83
82003400,18.90692992,8.2296,2634.03340654663,0.285577842,0.9440502,2.3
82004400,20.2747686,10.3632,2671.983984738,0.349976668,0.9608771,3.5
82004600,82.1714923,20.7264,2756.70916222897,0.271094566,0.9001585,5.94
82004900,184.95364258,20.1168,2807.60688132661,0.400019031,0.67328665,3.7725
82005200,728.11914492,18.288,2837.12007362322,0.312796344,0.8609017,2.8956
82005400,89.6177147,9.144,2853.88944827956,0.624291336,0.4532885,1.22
82005900,30.69947996,7.62,2874.33986916282,0.508517887,0.560431,1.6875
82009100,41.6624237,4.66344,2742.96884058237,0.798907388,1,1.8
82009200,23.55677206,12.4968,2812.11271932006,0.804504163,0.5475416,1.8
82010100,63.55998316,7.3152,2768.25907857881,0.563325083,1,2.8
82010300,35.26029118,4.572,2768.25907857881,0.587753575,1,2.895
82010400,61.8157865,11.8872,2731.93846728668,0.597703279,0.944652,3.885
82010600,113.80175006,42.672,2745.73389379997,0.648909785,0.4592901,4.13
82011500,30.10459154,14.0208,2828.73553775792,0.854499128,0.6497134,2.8
82011800,25.42237452,10.3632,2857.48799645207,0.618190367,0.7586188,2.3
82015300,53.87989404,5.1816,2649.44674209005,0.412313904,1,2.7
82015900,919.01357798,11.2776,2778.57763809966,0.378991112,0.6345523,1.524
82016200,11.97061188,8.2296,2800.18883788218,0.683376078,0.69020295,1.035
82016300,173.5900597,8.5344,2829.02661530319,0.618417727,0.5715936,1.37
82016600,19.87412946,10.9728,2869.31644392998,0.843,0.5517046,1.8
82016700,982.4562022,25.2984,2723.39945498308,0.361021615,0.85741125,3.76084
83004000,106.54977694,3.9624,2922.31734655886,0.772403258,0.37991485,0.8372
83004300,82.05413336,4.69392,2938.55307085228,0.834424519,0.92575765,1.21
86000900,37.95549994,6.7056,2710.42527990233,0.506794162,0.7421286,1.625
86001100,101.75424784,14.0208,2720.6481202507,0.530173504,1,5.03
86002300,130.66501568,8.2296,2826.65872492005,0.522029989,0.5506333,1.3716
86004100,71.13570508,6.096,2867.44227594771,0.639973351,0.2527237,0.61
86004600,44.68947498,5.7912,2489.21787036471,0.534146341,1,3.325
86005100,70.64198816,7.0104,2800.20381462884,0.56765432,0.4093733,1.3858
86009000,628.0322034,10.0584,2788.92408637241,0.670359091,0.227298,0.9
86010600,136.78791486,3.6576,2751.52210679634,0.818672871,0.5632472,0.84
86010700,69.22558716,8.2296,2662.93880909109,0.669276012,0.68322045,1.2925
86011400,199.08932456,21.4884,2737.98141966121,0.627547363,0.325084,1.8675
86012000,128.08716586,24.384,2692.58415913454,0.613124696,0.4585693,1.44
86013401,298.89703274,23.1648,2612.22330981763,0.572318105,0.71313185,2.88625
86014000,33.47562592,12.8016,2758.10751917263,0.619122895,0.3462077,1.2192
86014600,91.26883358,18.288,2620.87298534266,0.363170069,0.8711046,4
86014800,77.23836996,11.5824,2714.06123271031,0.474615807,0.6462898,2.13
86015600,79.33059658,31.0896,2672.70890476787,0.717467132,0.3837161,2.1
86016300,94.63986796,10.3632,2657.36441878067,0.443844929,0.9402957,2.7
86016800,56.64389942,14.9352,2769.6369518494,0.601195085,0.2204203,0.9
86018200,74.10610032,11.2776,2759.05634204893,0.560609057,0.4633216,1.22
86018300,39.3961821,11.5824,2746.58778049555,0.466895611,0.4552529,1.145
86018400,65.6805378,6.4008,2857.9744925575,0.723772738,0.24537975,0.59
86018800,76.31163902,4.8768,2806.25130205302,0.877806088,0.6962332,1
86019000,151.9191244,5.6388,2790.97167056335,0.898620502,0.4664335,1.1933335
86019300,76.87819942,14.0208,2782.95932632772,0.548957389,0.6104271,2.4
86019900,301.48702314,11.8872,2809.13327396699,0.759823055,0.3126449,1.1
86021700,146.45991026,10.3632,2799.05791632672,0.629609246,0.2827555,1.41604
86022100,49.6752065,15.8496,2773.75030079756,0.726331361,0.3461873,1.5
86022300,56.36466608,9.4488,2826.26812285586,0.514731369,0.2575524,1.145
86022700,319.8233458,32.9184,2733.20165440275,0.631681707,0.41220725,2.0175
86022900,113.20686164,11.8872,2817.86917845783,0.730311907,0.8232815,0.8175
86023000,61.2492261,6.4008,2817.86917845783,0.690399137,0.3751729,0.91
86023300,412.77567314,21.0312,2685.69400262971,0.484566877,0.4831948,3.05
86023400,90.03049442,10.3632,2679.94916204604,0.528962002,1,4.26
86024300,28.92290842,10.668,2617.05576655282,0.680751468,0.8426384,2.67
86025100,241.597542,22.5552,2722.10261206878,0.645850174,0.8273763,2.59
86026300,223.70232708,15.8496,2796.86044076654,0.892827318,0.3389337,1.7
86026600,22.90118074,19.812,2721.59006882672,0.75177305,0.3802949,1.0668
86027100,35.40193128,13.1064,2597.99445219425,0.396391346,0.99495395,4.3875
86027300,140.17108982,15.24,2829.67362176887,0.646676477,0.3636425,1.22
86027900,365.99397154,29.5656,2674.98326746285,0.415496866,0.7544598,5.49
86028100,54.69735976,13.716,2785.36471219858,0.738350731,0.40628545,1.26
86028200,76.65966898,13.4112,2844.69909939347,0.754643823,0.59654905,1.0625
86028400,75.72484432,24.9936,2739.6636785244,0.732761045,0.3345717,1.6
86028800,160.85863814,8.5344,2745.33578179354,0.603960396,0.9163288,2.44
86028900,270.90490212,23.7744,2674.98326746285,0.509894459,0.693015,5.18
86029300,257.32768682,8.5344,2821.87700382745,0.727109626,0.5033516,1.37
86029800,37.60746998,10.668,2819.47460640779,0.620936924,0.2957956,1.52
87001900,67.20620402,2.4384,2845.53678070401,0.550331859,1,0.8572
87003000,196.14321048,2.7432,2991.98832937573,0.873586695,0.1178623,0.4
